method,seed,T,min_eig,condition_number,err_B,err_D,err_F,final_ll,train_time,ll_curve
gpe,0,200,99.45897013075776,1.0108794585039522,0.015303435057976975,0.12491119075980574,0.0,0.26849485136050066,5.183450937271118,"[0.2640015582530777, 0.2644166732159626, 0.2650267039149428, 0.2670283361944428, 0.2675516008976223, 0.2668663955899793, 0.26731142940826, 0.268244988835983, 0.26833617763300327, 0.26784693856382025, 0.2676855031270654, 0.26790157337293474, 0.26809423285285305, 0.2680819392958033, 0.2679157260306572, 0.26779080798150484, 0.2678942067695094, 0.2681470842543736, 0.2682652776508837, 0.26817546195017444, 0.26812188412240234, 0.2682581271849317, 0.26842754075157443, 0.2684503325809526, 0.26837450059792445, 0.2683428321573058, 0.2683839647276773, 0.26843043007375855, 0.26842811595575133, 0.2683814927936388, 0.26834756708715296, 0.2683745767616052, 0.26842728876953553, 0.26843360512642417, 0.2684034353352112, 0.2684080440644646, 0.2684527983442217, 0.26847819379830773, 0.26846718032566935, 0.2684568900134239, 0.2684667727263756, 0.26848160380021335, 0.2684834094233944, 0.26847085214885386, 0.2684617170650446, 0.26847010663606885, 0.26848076850703306, 0.2684756539478591, 0.26846857688429476, 0.2684763354951642, 0.2684870801855342, 0.268487317911521, 0.268484133616829, 0.2684861238124001, 0.26849086527377825, 0.26849244656230964, 0.26848916632018993, 0.2684867619045601, 0.26848963028277945, 0.2684917456909292, 0.26848906479323037, 0.2684879382067621, 0.2684908583004543, 0.26849252735799334, 0.26849174058813446, 0.26849163353752187, 0.26849300675585636, 0.2684942281861895, 0.268493757429394, 0.26849280338507325, 0.2684934845484966, 0.26849423218436025, 0.2684933963060937, 0.2684929769883641, 0.26849376648930523, 0.26849414073563344, 0.26849390053335453, 0.2684939217454702, 0.2684943871068554, 0.2684947180223334, 0.2684944647460254, 0.2684943484961966, 0.26849471885934123, 0.2684947201791005, 0.26849442525993755, 0.26849451057939616, 0.2684946953435971, 0.26849466043038195, 0.26849459829086264, 0.2684946978315714, 0.2684948619039588, 0.26849482829313864, 0.26849476626305935, 0.2684948862447635, 0.2684949122821928, 0.2684948199875051, 0.26849483437882976, 0.2684948864001893, 0.26849487799651606, 0.26849485136050066]"
white_noise,0,200,90.47130146954028,1.3028710323623198,0.05841865378701894,0.025206706673998765,0.0,0.2765897997732405,1.923887014389038,"[0.2640015582530777, 0.2708960187822975, 0.2719503539000159, 0.27350214258370964, 0.2747289870231952, 0.27555277727022703, 0.27547012295244633, 0.2748940708689394, 0.27466336267097985, 0.27486129925560315, 0.27502214377674666, 0.27500120626329627, 0.2750607588863078, 0.27536548491594093, 0.2757761065670016, 0.27607516291719925, 0.2761939430249755, 0.27622933734070637, 0.2762839142918776, 0.2763306373237855, 0.27627505240779504, 0.2761241060037501, 0.2760166064875894, 0.2760566207592107, 0.2761949677695028, 0.27631276306770797, 0.2763563261885781, 0.2763625047459864, 0.27639191768907095, 0.27646189584870046, 0.2765295209983209, 0.27653588923511435, 0.2764811202547723, 0.2764327416357496, 0.276439523666464, 0.2764749246997036, 0.27648940753305146, 0.27648040655151024, 0.27648301147071347, 0.27651485193456304, 0.27655492720919783, 0.2765725747993692, 0.27656420857154007, 0.27655205418454437, 0.2765504231442512, 0.27655232181588507, 0.27655001778808147, 0.2765476771741082, 0.27655125881495396, 0.2765602865710626, 0.27656960982136364, 0.27657460816979973, 0.276576674939617, 0.2765797655481345, 0.2765817477094608, 0.27657895864409904, 0.2765752794654175, 0.27657574737688545, 0.27657807025034353, 0.27657843331697823, 0.2765783991587617, 0.2765812993999909, 0.2765861356467175, 0.276588449826386, 0.27658687667121834, 0.2765849786389808, 0.2765851995641221, 0.27658590096739005, 0.27658542465945185, 0.27658476878888183, 0.27658566818177827, 0.27658774138852593, 0.2765887747603002, 0.276588334191628, 0.27658823422140366, 0.2765888509723059, 0.2765888833422718, 0.2765882058171226, 0.2765878232293458, 0.27658812833159624, 0.2765886682185779, 0.2765890390946633, 0.27658934347393654, 0.27658960732889165, 0.27658958944880857, 0.27658936102277076, 0.2765892250454354, 0.27658925492575126, 0.27658930586950237, 0.276589331780285, 0.2765894881895303, 0.2765897149468813, 0.2765897575188203, 0.2765897105370619, 0.27658976396039886, 0.276589789159219, 0.2765896807317147, 0.27658958867913097, 0.27658965891762494, 0.2765897997732405]"
multi_sine,0,200,72.91860602669234,1.7461838284937068,0.023437343939790443,0.09829927185130305,0.0,0.2719692432572791,2.087568521499634,"[0.2640015582530777, 0.26574379320138386, 0.2681451480433658, 0.26853952682269727, 0.2689222734110415, 0.27008016359403886, 0.27088208347631587, 0.2709667555544854, 0.27097017759218295, 0.2711541963159671, 0.2712898421411283, 0.27120489504527545, 0.2710695686373696, 0.2710892773645923, 0.2712355060899114, 0.27134237319848387, 0.2712849991749793, 0.2711474734786883, 0.27114687221031836, 0.27134491352355183, 0.2716017802474139, 0.27175230259881683, 0.27174414394722557, 0.2716653027750175, 0.2716518706948009, 0.2717492853412391, 0.27188040641624694, 0.27194451301019384, 0.271909745583832, 0.27182366704886307, 0.27176838038329326, 0.2717881927238197, 0.27184972551407355, 0.27188748541088276, 0.27187393011215827, 0.27183702557660794, 0.2718278184505749, 0.27186624822177624, 0.27191875199884097, 0.27194267952566015, 0.27193389501555737, 0.27191995955616666, 0.27192497178538505, 0.2719452173783678, 0.2719583460634604, 0.2719543538123219, 0.27194274801277224, 0.27193542834229034, 0.27193666560332247, 0.27194262550905274, 0.2719474855368899, 0.2719496270213618, 0.2719497341093326, 0.27195009664247166, 0.2719535970173445, 0.2719592979666783, 0.2719639220537606, 0.2719652681558169, 0.2719637435319335, 0.2719623521264961, 0.2719628436795036, 0.2719643817272785, 0.2719651247872888, 0.27196378967541607, 0.2719619457248377, 0.27196222421091504, 0.27196470388360455, 0.2719668405585085, 0.2719665821608798, 0.2719655052161494, 0.2719662409579902, 0.27196834379851587, 0.271969352015884, 0.27196836398101554, 0.2719672197402056, 0.2719674568462733, 0.2719683110205154, 0.27196848400432144, 0.27196790830415374, 0.2719675859822717, 0.2719679795734135, 0.2719685925749765, 0.27196885933472387, 0.2719687533836702, 0.2719687364646719, 0.2719689753161674, 0.27196920009661607, 0.27196916616981937, 0.2719689904497405, 0.27196893514603926, 0.27196899108747125, 0.27196904805154604, 0.27196906126183523, 0.2719690611431464, 0.27196907344367466, 0.2719691354823788, 0.2719692548678714, 0.27196932257922835, 0.27196928840333184, 0.2719692432572791]"
gpe,1,200,99.43483403201408,1.0113675649672906,0.03828823129462492,0.07821246175377451,0.0,0.10219618705434455,1.9310564994812012,"[0.08921559316165235, 0.09966513498058203, 0.10053491159624184, 0.09839080618629265, 0.0974929757162666, 0.09832186563087346, 0.1001626298823084, 0.101591103298159, 0.1018572161621436, 0.10108809211058978, 0.10023096931793818, 0.10008428929278063, 0.10062428304505197, 0.10137879306505333, 0.10186590927946865, 0.10191649933997063, 0.10170384435354735, 0.10146512457242751, 0.10136377133108025, 0.10145417928551481, 0.10167103350140731, 0.10190311186321065, 0.10203083745439007, 0.10199103586280582, 0.10186051697973113, 0.10177718732711127, 0.10181758645958673, 0.10194884314505748, 0.10206344543056811, 0.10209805843105137, 0.10207175321764188, 0.10203208183256733, 0.10201752053280098, 0.10203278121657126, 0.1020689215461227, 0.10211511912939286, 0.10214619035677966, 0.10214667369911187, 0.10212389166734917, 0.10210499520708527, 0.10211152455341894, 0.10213400510106542, 0.1021539338312843, 0.1021620674592227, 0.10216239196101212, 0.10216047174983041, 0.1021564007338621, 0.10215536200670565, 0.1021620818336024, 0.10217483332645998, 0.10218366264843871, 0.10218253032565264, 0.10217702152485586, 0.1021746423747322, 0.10217792999133472, 0.10218315935800189, 0.10218760801489522, 0.10218921219807613, 0.10218720764451841, 0.10218384098490091, 0.10218361647596097, 0.10218820444932895, 0.10219305368317987, 0.10219369522763733, 0.1021906575143829, 0.10218852632031711, 0.10218949430108552, 0.10219250321732666, 0.10219497803693864, 0.1021953675726342, 0.10219366186225504, 0.10219192400666012, 0.10219229470430781, 0.10219447910998869, 0.10219597429513126, 0.10219544154212205, 0.10219414647659242, 0.10219385361811878, 0.10219473182186507, 0.10219575305420658, 0.10219605747078739, 0.10219556026842785, 0.10219494964072055, 0.10219504700837181, 0.10219581876872984, 0.10219635971556613, 0.10219613019640239, 0.10219563049654452, 0.10219554248965784, 0.10219588677848915, 0.10219622593024535, 0.10219628709255758, 0.10219609907264644, 0.10219593167898464, 0.10219600475492444, 0.10219624384200035, 0.10219634535342391, 0.10219624409122478, 0.10219614332004275, 0.10219618705434455]"
white_noise,1,200,86.19074663271292,1.1556569030128567,0.043295818838153866,0.03768729441940623,0.0,0.09833293806757101,1.9701881408691406,"[0.08921559316165235, 0.09351711601045637, 0.09556863276504332, 0.09540448677443882, 0.09536144863382648, 0.09633856957838813, 0.0969731511445805, 0.09674688700709606, 0.09633410168499242, 0.09645877243229362, 0.09713117304286323, 0.09777882914746674, 0.09789196107582285, 0.09751961966589817, 0.09716941023386598, 0.09722819663134413, 0.0976158258414292, 0.09797347958589979, 0.09804842243997657, 0.09790829735907458, 0.09781912702654659, 0.09792817981671742, 0.09812309757304004, 0.09819990125012926, 0.09810165133181205, 0.09796461100988584, 0.09794918240328392, 0.09806976449328794, 0.09820602457624336, 0.09824800227135405, 0.09820257350172877, 0.098161268587829, 0.09818667686987662, 0.09825050820609982, 0.0982811301970051, 0.09825335897595645, 0.09821418643091585, 0.09821985580638286, 0.09826753903673766, 0.098305289132398, 0.09829969833262407, 0.0982719871755685, 0.09826317843627273, 0.09828253273818499, 0.09830478271536713, 0.09830874512757674, 0.0983013561660244, 0.09830166293137113, 0.09831338923886211, 0.09832223273103806, 0.09831722544679847, 0.09830583730594375, 0.09830361137345665, 0.09831383203572971, 0.0983248946714601, 0.09832692632659136, 0.09832304474552209, 0.09832159275245561, 0.09832405394193248, 0.09832579543374179, 0.09832481113747774, 0.0983241281261169, 0.09832631799040992, 0.09832956044365991, 0.09833030862675829, 0.09832817627045856, 0.09832642921015036, 0.09832758486761285, 0.09833027543438977, 0.09833161693099442, 0.09833114353896825, 0.09833058506830979, 0.09833080687377525, 0.09833100796848601, 0.09833065138771732, 0.09833049029501607, 0.09833126521780156, 0.09833235972462072, 0.09833256836008762, 0.09833187881398614, 0.09833148113188894, 0.09833193197150512, 0.09833246250410202, 0.09833242471837574, 0.09833223076618174, 0.09833237782875615, 0.09833259044388541, 0.09833248359073579, 0.09833230796172221, 0.09833248050943849, 0.09833283985894761, 0.09833291284778779, 0.09833269300321995, 0.09833259753852058, 0.09833273818861252, 0.0983328208891531, 0.09833275079075476, 0.0983327532311388, 0.09833288434421357, 0.09833293806757101]"
multi_sine,1,200,94.23534003826826,1.1295237928476982,0.01090626193781092,0.1006055776883462,0.0,0.09995357512957942,1.943183183670044,"[0.08921559316165235, 0.08965934610997672, 0.09484698579667912, 0.09644282039465252, 0.0964891706457943, 0.09701397760474899, 0.09747878248495932, 0.0975418882640542, 0.09729412379971733, 0.09723425085655545, 0.09757486555959301, 0.09815152627484718, 0.09872362193008603, 0.09912669813533796, 0.09934238026719944, 0.0994389716588596, 0.09948052223839175, 0.09949662582672611, 0.0994832325279949, 0.09942448431625257, 0.09933162949967347, 0.09925765525951726, 0.09926275060199075, 0.09936679432657983, 0.09952521982628013, 0.09965522229589295, 0.09970348537909159, 0.09968905423709315, 0.09967651595899912, 0.09970466006479389, 0.09974635167207019, 0.09975086885750617, 0.09971607260314501, 0.09969765018106116, 0.09974260234480826, 0.09982983355441981, 0.09989476024798155, 0.09990406418213997, 0.09988583864080995, 0.09988510150115047, 0.09990706181634174, 0.09991911295102412, 0.09990089636001503, 0.09987314759282036, 0.09987051579742262, 0.09989700302822695, 0.09992338429939125, 0.09992682096580337, 0.09991708270556476, 0.09991670999283692, 0.09992796044195741, 0.09993387260045329, 0.09992642910815035, 0.09991783289772127, 0.09992150241106071, 0.09993402305492659, 0.09994265569810623, 0.09994329767857947, 0.09994280662624394, 0.09994616441844519, 0.09994961991298888, 0.09994831020458758, 0.0999443908883412, 0.0999433177253684, 0.09994576989803737, 0.09994808814725797, 0.09994862006898883, 0.09994899826993509, 0.09995006754741635, 0.09995059895391847, 0.09994999556392677, 0.09994932250283263, 0.09994940636199617, 0.09994990518455865, 0.09995047723370448, 0.09995135053724162, 0.09995240836207249, 0.09995293869840101, 0.09995276948318871, 0.0999526067943175, 0.09995278348101191, 0.0999527844052123, 0.0999524690797878, 0.09995250723301681, 0.09995309615033508, 0.0999534965700235, 0.09995331692991956, 0.09995310550054909, 0.09995325729342987, 0.09995337982262939, 0.09995317440318076, 0.09995304515737173, 0.09995333085689287, 0.09995367325380235, 0.0999536817786603, 0.09995358063192528, 0.09995367571639444, 0.0999537859700812, 0.09995368824502063, 0.09995357512957942]"
gpe,2,200,92.93084069438642,1.1521380685407494,0.010448461546275116,0.13355221405679576,0.0,0.49407983154302243,2.241994619369507,"[0.4829388817172929, 0.48652455475476686, 0.48817218876803625, 0.4896477938843845, 0.4912283693276514, 0.4924525310614565, 0.4931676255435384, 0.4932948675179047, 0.4929732406925598, 0.49252791042500776, 0.49238679228151144, 0.49261972815052113, 0.49289426842039574, 0.49291372645254145, 0.4927784806454327, 0.492808397501209, 0.4930840499508131, 0.49343742183685446, 0.49371617728611794, 0.49385841522039386, 0.49386171042193, 0.49378141345531673, 0.49371637071446833, 0.4937264308065196, 0.49377056975273353, 0.4937783953848747, 0.49373947994099665, 0.49369822542992936, 0.49370203215436, 0.4937689150627235, 0.49387424051043144, 0.49396181341201567, 0.4939973727946719, 0.4940014123058243, 0.4940079155559975, 0.494018866474683, 0.49402276697278247, 0.49402092351747984, 0.4940138216154975, 0.4939960851809922, 0.4939763867076988, 0.4939746779587914, 0.493996376903539, 0.49402632272762304, 0.4940453162160824, 0.4940469884625579, 0.4940441668800393, 0.494052661360522, 0.4940670856129472, 0.4940693714629471, 0.4940584544844275, 0.4940496586168115, 0.4940502697856647, 0.49405529985474456, 0.4940598895973101, 0.49406344211787734, 0.4940668545850275, 0.494070173831306, 0.4940724791588582, 0.49407445802242117, 0.494076865952026, 0.4940767352433224, 0.49407258878639787, 0.4940693416904847, 0.49407066245349146, 0.49407343370217344, 0.49407412658137184, 0.4940737350707902, 0.49407481512920765, 0.4940774498620118, 0.49407922508484253, 0.49407898877107026, 0.49407825542346134, 0.49407798495741023, 0.4940777397082922, 0.4940776571273098, 0.49407789237091887, 0.49407797670878306, 0.4940779999873402, 0.4940784507989111, 0.49407924153958627, 0.49407974492422024, 0.4940795572339356, 0.4940791796420316, 0.4940792194070386, 0.49407938293428943, 0.49407929863641864, 0.4940791707760695, 0.4940792338251758, 0.49407950075509605, 0.4940797879279561, 0.49407989271763975, 0.49407987328779174, 0.49407985586528463, 0.494079863211876, 0.4940798658489699, 0.4940798007982348, 0.49407972395328764, 0.49407974368363966, 0.49407983154302243]"
white_noise,2,200,84.82645290502175,1.4450345778948996,0.04365607291373748,0.04466903673277462,0.0,0.5019644125722005,1.977867841720581,"[0.4829388817172929, 0.49686721122796346, 0.4990950624351195, 0.4973198128398199, 0.49662649558000893, 0.4977121724863179, 0.4994087150713134, 0.5003801161139998, 0.5003885041550018, 0.5000217969457104, 0.49978485850049803, 0.4998958172151671, 0.500263755593675, 0.5006147011222084, 0.5007800794759988, 0.5008143790068613, 0.500855869353345, 0.5010107748632547, 0.5012742626695204, 0.5015218695687554, 0.5016243605843518, 0.5015531453055171, 0.5013888828962185, 0.5012719883665959, 0.5013082966419861, 0.5014824335266381, 0.5016835605601346, 0.5018020572422052, 0.501795863209551, 0.5017073062736847, 0.5016325787240916, 0.5016453525575821, 0.5017415948936462, 0.5018569299392013, 0.5019201473696405, 0.5019019492419787, 0.501834870707037, 0.5017819379842431, 0.50178369079414, 0.5018352029373522, 0.5018973010884769, 0.5019292174776501, 0.5019216102735361, 0.5018969592096474, 0.5018843261663236, 0.5018973047500097, 0.5019252125553902, 0.5019453272512704, 0.5019454765143088, 0.5019311630962366, 0.5019176424459718, 0.5019171428477885, 0.5019290085087219, 0.5019435070579474, 0.5019521855926213, 0.5019531491447996, 0.5019506531112474, 0.5019493304027435, 0.5019500229922642, 0.5019513700428717, 0.5019520930302643, 0.5019526110126549, 0.5019540683197788, 0.5019560624105729, 0.5019574593115091, 0.5019577400814901, 0.5019576577208865, 0.5019586346387187, 0.5019606080939814, 0.5019620742790326, 0.5019617694742674, 0.5019600589499064, 0.5019589091516926, 0.5019597236266017, 0.5019619619506187, 0.501963741130791, 0.5019637265198299, 0.5019624929940913, 0.5019616349927654, 0.5019621251509279, 0.5019634017911622, 0.5019641576334608, 0.5019638544579419, 0.501963074010167, 0.5019628023121416, 0.5019633205521047, 0.5019640571333361, 0.5019643636216091, 0.5019641441138116, 0.5019638463173735, 0.5019638373762184, 0.501964070170347, 0.5019642517640999, 0.5019642352286126, 0.5019641453128487, 0.5019641493640095, 0.5019642717761039, 0.5019643906595168, 0.5019644297413837, 0.5019644125722005]"
multi_sine,2,200,97.71227995157894,1.0503788468987214,0.04047598056461834,0.035718280834951564,0.0,0.488633648107623,2.002342462539673,"[0.4829388817172929, 0.4854160777733295, 0.4876516064438207, 0.4875544033551123, 0.4864224339716477, 0.4861907449482623, 0.4869500964201536, 0.4879213052620598, 0.4883313959903127, 0.4881045797273276, 0.4877659612953005, 0.4877317842705065, 0.4879453221360452, 0.48812457818480115, 0.4881445902047677, 0.48814756692789013, 0.4882514810740568, 0.48837282099598694, 0.48840150856628034, 0.48836401587421585, 0.48835240588158935, 0.48837722168952324, 0.48838668930799145, 0.48838478192399265, 0.4884255636010845, 0.48851010411195667, 0.4885760098969987, 0.4885718273836372, 0.4885101179326977, 0.4884571928194964, 0.488467536472722, 0.48853135379635243, 0.48859528467120683, 0.4886191196401489, 0.4886012427871976, 0.4885665156239772, 0.4885459772718007, 0.4885571032674023, 0.48858881156879824, 0.4886143070252624, 0.48862086730895005, 0.4886139167686171, 0.4886013643109107, 0.4885924430658698, 0.48859768800125336, 0.4886142340956917, 0.48862552115622115, 0.48862330780757923, 0.48861648920272455, 0.48861555761334063, 0.48861965714734895, 0.4886220847374618, 0.4886219709815525, 0.48862369419615825, 0.488627038618406, 0.4886278832254168, 0.4886267907684508, 0.48862675938523603, 0.48862709252771175, 0.48862706573209475, 0.48862847988087277, 0.4886310686591903, 0.48863211929399536, 0.48863077223301943, 0.48862895924758704, 0.4886289920595995, 0.48863101627903854, 0.48863294439496074, 0.48863309933421345, 0.48863184236521684, 0.4886308279641146, 0.4886312275837931, 0.4886324246315894, 0.48863317475554624, 0.48863321385250863, 0.4886327273030349, 0.4886321651495717, 0.4886323626297589, 0.48863316814143076, 0.48863351363158586, 0.48863322331507314, 0.488632996774863, 0.4886331020988137, 0.4886332437983499, 0.48863330407266314, 0.48863340832525426, 0.48863346705335475, 0.4886334152533513, 0.48863341776309815, 0.4886334581038522, 0.4886334531313212, 0.4886334964741122, 0.488633589571233, 0.4886336247336913, 0.4886335721628601, 0.4886335085141071, 0.4886335412205368, 0.48863364641263923, 0.48863369609620017, 0.488633648107623]"
gpe,3,200,92.237125272816,1.1683242990100744,0.01971737335115523,0.182084663013536,0.0,-0.048518876479383626,1.946852684020996,"[-0.051775781782158206, -0.05369435667032806, -0.050766566466727794, -0.05011959804901233, -0.050941282698709386, -0.05063633494286528, -0.04960302412173575, -0.04921771535430589, -0.04960744462828908, -0.04986882437908324, -0.04953681657030258, -0.04904482873546675, -0.048869118087381064, -0.048979801693305534, -0.04906680702909293, -0.048964166527328594, -0.0487781766241735, -0.04866520123757572, -0.0486583658009399, -0.048711594261217996, -0.04876020216282608, -0.0487604197114727, -0.04870493453376692, -0.048635548907430215, -0.048622446841077575, -0.04867641700916342, -0.048719837727241436, -0.04868318637305343, -0.048601418513495497, -0.048570101507248865, -0.048613732220513184, -0.04865618422290099, -0.04863521618772876, -0.04858382063141969, -0.048566488796860895, -0.048586503624335704, -0.048599239898808905, -0.04858462432185788, -0.048561074868944835, -0.048546571189531325, -0.04854309290342732, -0.048547301488092234, -0.04855093103801014, -0.04854327422668789, -0.04852929715759432, -0.04852727962858972, -0.04853838864753078, -0.04854241588353492, -0.048532019816307254, -0.048523635351088994, -0.0485272720635518, -0.04853253810444377, -0.048530582740236784, -0.04852623147133489, -0.04852497098819206, -0.048526068907769206, -0.048527919401436005, -0.048528511180744936, -0.04852568052335227, -0.04852244224286638, -0.048523374544046524, -0.048525531140930014, -0.04852362742533918, -0.04852031768889071, -0.04852059933446033, -0.048522453863828564, -0.04852195858700241, -0.04852035838823908, -0.048520079422050645, -0.04852051328227136, -0.048520555996995014, -0.048520224340653784, -0.048519652115148464, -0.048519348320934005, -0.04851981022524985, -0.04852019059506762, -0.0485196808322609, -0.04851922064159189, -0.04851961337680862, -0.04851992727968967, -0.04851947294066341, -0.04851906675000477, -0.04851925033944806, -0.048519416034723914, -0.048519209144239586, -0.048519025558398036, -0.04851906529359745, -0.04851913113114328, -0.04851909950085145, -0.04851897848798767, -0.04851888274788339, -0.048518941218881506, -0.0485190016863668, -0.04851889272686159, -0.048518822177873684, -0.04851892094049985, -0.0485189559390724, -0.04851886627786492, -0.04851883915520716, -0.048518876479383626]"
white_noise,3,200,85.98073955821322,1.322166259627228,0.023059305058727705,0.036258758604902734,0.0,-0.04172278145464309,1.9845261573791504,"[-0.051775781782158206, -0.04250967797929866, -0.04608734145712072, -0.04671428704268515, -0.04414873021255544, -0.04226288679722038, -0.04252877729446463, -0.04375818166958958, -0.04413608616370086, -0.04336405258836031, -0.04234643969572202, -0.04196196160518718, -0.0423484627534614, -0.04292064803821741, -0.04303407099660511, -0.04260252133801207, -0.04204810466787248, -0.04182328107758257, -0.042018832824232404, -0.042335863719235735, -0.04241298443704292, -0.04217692363915574, -0.04186390365890721, -0.041748997230806335, -0.04188328418767353, -0.042075474017852575, -0.04211419309089728, -0.041976359784973445, -0.04181100400908279, -0.04176270850448064, -0.041835925012340694, -0.04191963208305847, -0.04191789978070138, -0.041838054919780696, -0.041762278159587246, -0.04175428195495564, -0.04179946493159727, -0.04183213969905375, -0.04181247362810791, -0.041765319556307495, -0.04174249872986877, -0.04176010061218356, -0.04178570589794317, -0.04178382260358992, -0.041757562490058624, -0.041737846160639844, -0.04174189983950391, -0.0417556393500435, -0.04175671325582339, -0.04174316689413278, -0.04173183826758014, -0.04173400661859255, -0.0417425151393142, -0.04174393677447313, -0.04173604855008144, -0.041728623636443016, -0.041729568062813895, -0.0417352675295988, -0.04173643793346077, -0.0417307776583341, -0.04172539451010652, -0.0417262306314359, -0.04173011046829692, -0.04173043853467163, -0.04172680425422671, -0.04172433775476927, -0.04172559720263852, -0.04172766789663379, -0.0417272133667539, -0.04172495084246991, -0.041723837410059285, -0.04172470433776659, -0.041725582229138664, -0.04172492774851595, -0.04172367342318827, -0.041723451122780225, -0.041724128181777065, -0.041724317089978945, -0.04172366390389638, -0.04172320699174916, -0.04172350121420121, -0.04172378975006504, -0.04172344295272219, -0.04172297316592652, -0.04172301334337569, -0.04172328853734793, -0.0417232265748791, -0.041722897349578875, -0.041722786487411234, -0.041722984715530764, -0.04172309014791587, -0.04172288837487548, -0.04172268779029738, -0.041722771986103434, -0.0417229262879775, -0.04172284377180742, -0.04172264811758851, -0.041722635302959644, -0.0417227651523375, -0.04172278145464309]"
multi_sine,3,200,97.88489517420392,1.0775540240313806,0.016024958090517794,0.03642153665297327,0.0,-0.05009710397162223,1.9436657428741455,"[-0.051775781782158206, -0.05342016314808861, -0.05142037296330743, -0.0506125615274911, -0.0514110585628674, -0.05178247186075173, -0.051036346041259416, -0.050335492552632595, -0.05043695818792966, -0.05088883910728268, -0.05088551465651435, -0.05048586512767529, -0.05025766243843159, -0.05040290789142802, -0.05058867034187314, -0.050519196207270474, -0.05031012175392926, -0.05021535422993919, -0.05026225913932989, -0.05031229529837111, -0.05030836733711879, -0.05029011257023562, -0.05026822924548309, -0.0502182894777499, -0.05016701101609097, -0.05016904985637127, -0.05021056383796756, -0.05022379979866504, -0.050184692739330884, -0.0501406439771942, -0.050139587005205905, -0.05016951009825217, -0.050179143858995835, -0.050146188868904505, -0.05010888647121146, -0.05011478156158432, -0.05014972825811223, -0.05015698934108831, -0.05012550430369569, -0.05010257288318165, -0.050113384486254776, -0.050128253639972045, -0.05012224304867703, -0.05011042797716457, -0.050109830520349855, -0.05011354866862619, -0.05011258579643164, -0.05010939489599796, -0.05010669354464154, -0.05010429395214629, -0.05010405530795985, -0.050106462925214874, -0.05010762047506912, -0.05010456099176061, -0.050099953338125135, -0.050099363509142084, -0.050103098462240495, -0.050104338602231006, -0.0501004252142892, -0.05009818796956629, -0.05010080704739414, -0.05010189576118995, -0.05009896048225995, -0.050097609703031426, -0.05009949281372265, -0.05010033034471112, -0.05009896612101425, -0.05009791026667304, -0.05009805221969971, -0.05009845109329862, -0.050098461761223075, -0.050098163038287916, -0.050097885149759235, -0.05009775332144545, -0.05009780380770556, -0.05009788423104254, -0.05009759594445748, -0.050097307859024394, -0.05009764547604603, -0.05009785416279418, -0.0500973219768033, -0.050097064404061496, -0.05009746263388466, -0.05009755346001902, -0.05009722524747127, -0.050097158291894525, -0.05009731454845609, -0.050097291326607625, -0.05009714322030734, -0.05009712904118796, -0.0500972128939246, -0.050097201441410166, -0.05009713267375229, -0.05009710417534624, -0.05009708989839937, -0.050097118317440195, -0.05009714634192552, -0.0500970793942005, -0.050097047499831765, -0.05009710397162223]"
gpe,4,200,79.31934059643984,1.5214531348338591,0.02763343585120094,0.3199265917264222,0.0,0.21055065029134934,1.9483823776245117,"[0.1948522759860857, 0.20167857316246016, 0.2016886718057111, 0.20136626347348233, 0.202532294420778, 0.20439859531064106, 0.2060673034054867, 0.2065672685237335, 0.20626727324133778, 0.20631783454695707, 0.20698295583179024, 0.20784300180610402, 0.20857581948818418, 0.20904842100450455, 0.20924004796577936, 0.20923289807387374, 0.20918746462397014, 0.20932703352570767, 0.20972437186405724, 0.21013542810201727, 0.21029522305944345, 0.21023303197697785, 0.21015708276295653, 0.21017223170931312, 0.2102593173231989, 0.210370776992118, 0.21046567796041069, 0.21050638031782853, 0.21046454984784002, 0.21036671968270998, 0.21030902333584475, 0.21034858365980505, 0.21042294485586754, 0.2104482492103432, 0.21042011260128216, 0.21037801314247914, 0.21035166817593814, 0.2103543653685132, 0.210382849198788, 0.21041900418323878, 0.21043659565603468, 0.21042495677340803, 0.21041065659240424, 0.21042209334219952, 0.21045108661242728, 0.21047713840045973, 0.2104913666214312, 0.21049251071456074, 0.2104885563586998, 0.21049250305001593, 0.21050888602450912, 0.2105278914349201, 0.2105353761560873, 0.21053259536021235, 0.21053120094284658, 0.2105343157429609, 0.21054014192683335, 0.21054674000780688, 0.21054918804419173, 0.21054563763153933, 0.21054137804141934, 0.21054242427953046, 0.2105465873448519, 0.21054751235707372, 0.21054535746252687, 0.21054313653306042, 0.2105417982880554, 0.21054242235963117, 0.21054460433655628, 0.21054573561830192, 0.21054455526614438, 0.2105434350196595, 0.2105444555489947, 0.21054613469390812, 0.21054711011723215, 0.21054737282116814, 0.21054717233814732, 0.21054736374518218, 0.21054841228858454, 0.21054956845112405, 0.21054982118199378, 0.21054956161807903, 0.21054963166599877, 0.21055005383284112, 0.2105506110159918, 0.21055085337637397, 0.2105506284316277, 0.210550405099101, 0.21055054501147863, 0.21055077336564668, 0.21055075754545927, 0.21055061088132807, 0.2105504447197098, 0.21055042989969072, 0.2105505960870522, 0.21055066736481107, 0.21055054809067103, 0.21055047288448392, 0.2105505528546865, 0.21055065029134934]"
white_noise,4,200,81.80414789426207,1.3124949831268558,0.052449958813717945,0.04783061366729124,0.0,0.20811380317220024,1.981468915939331,"[0.1948522759860857, 0.2025491378997789, 0.2034632821679076, 0.20562672001576748, 0.2066483047546733, 0.20617786218565198, 0.20548353053614665, 0.2055629486548974, 0.20629292083271616, 0.20690606139941914, 0.2070588515899213, 0.20704680791011337, 0.20717276329057488, 0.20735284574790547, 0.20733575689915695, 0.20711908773966442, 0.2069819866777621, 0.2071200795115361, 0.20743599399107532, 0.2077049313384223, 0.2078206973961092, 0.20784988513493774, 0.20789089515944412, 0.20794421115843498, 0.20793702355276508, 0.20783423065726866, 0.20771078979053742, 0.20768865047996687, 0.20779805145355515, 0.20794248263623596, 0.20801260056522947, 0.20800231120867374, 0.20798419075645505, 0.20799862953653553, 0.20801764694617927, 0.20801006030061522, 0.20799355122744248, 0.20800536836111974, 0.20804745953078338, 0.2080830449852866, 0.20808267222448606, 0.2080579673014758, 0.2080425556170639, 0.20804863930223558, 0.2080598611931247, 0.20806431948404874, 0.2080710663804816, 0.20808751973859616, 0.2081029010034767, 0.20810539889666782, 0.20809885573270598, 0.20809312042429956, 0.20809055936711032, 0.2080893043772158, 0.20809061497786374, 0.20809649059553972, 0.20810410691730422, 0.20810771189242305, 0.2081060502443715, 0.20810388644570577, 0.20810452852944533, 0.20810587294580304, 0.20810629036424075, 0.20810786925275682, 0.20811088203967842, 0.20811183251722123, 0.20810952445719688, 0.2081073342481186, 0.2081079175207257, 0.20810992319892635, 0.20811104051789042, 0.20811143041448657, 0.2081124176160014, 0.2081134207989276, 0.2081129212726239, 0.20811159787950476, 0.20811134595211622, 0.20811211395853157, 0.20811258639975452, 0.20811266389287253, 0.20811299957288426, 0.2081134068256835, 0.2081133105448274, 0.20811294055409427, 0.20811298635098696, 0.20811342877614372, 0.20811368144793946, 0.2081136403535303, 0.20811358752335418, 0.20811351122164948, 0.20811338187154932, 0.20811342252212595, 0.2081136516215441, 0.20811382832434802, 0.20811387416514973, 0.20811387759926497, 0.208113850917627, 0.20811377176075824, 0.2081137303957717, 0.20811380317220024]"
multi_sine,4,200,93.26242898693923,1.1465744431266933,0.025992157183628496,0.07029864672854715,0.0,0.2025128483446393,1.95151948928833,"[0.1948522759860857, 0.20081889916294812, 0.19977227787843138, 0.1994737320909019, 0.20012451996233036, 0.20080589833025866, 0.20159306018005255, 0.20208661065369804, 0.20186834130350975, 0.20129676720007858, 0.2011037176728189, 0.2015424726548397, 0.2021687687804211, 0.20241578268550087, 0.20214938463117121, 0.20175770990701697, 0.20167550071478965, 0.2019261755737342, 0.20222749863099654, 0.20235539044434755, 0.2023111764059101, 0.20222710811370292, 0.2022004213472285, 0.20223232726877904, 0.2022908130217313, 0.20236636211410297, 0.20243670600177027, 0.20245140154179114, 0.20239446735354022, 0.20232484152111269, 0.202325696550239, 0.20240655624778348, 0.20248390823471682, 0.20248379218773932, 0.2024275575672783, 0.2023925640008377, 0.20241803071612535, 0.2024701601617945, 0.20249559277429657, 0.202486080869649, 0.20246972845383007, 0.20246542406273269, 0.2024715947315751, 0.20248215163461214, 0.20249450631167545, 0.20250168622858053, 0.20249527821313304, 0.2024826118496784, 0.2024815239786543, 0.202495987612021, 0.2025094992522041, 0.2025069114238145, 0.2024957794348015, 0.20249333754967225, 0.20250166732172292, 0.2025092641242005, 0.20250909631580802, 0.202505516374554, 0.20250420825537363, 0.202505342963575, 0.20250750130191517, 0.20250986888278108, 0.20251083645620427, 0.20250898174860946, 0.20250680782151162, 0.202508100127374, 0.20251144020034806, 0.20251237417464268, 0.20251030346577445, 0.20250906013535155, 0.20251049821856149, 0.20251225026640854, 0.2025123190374727, 0.20251154851959852, 0.2025113012025226, 0.20251154213457911, 0.2025119915241812, 0.20251245699106496, 0.20251244743969435, 0.20251191250102654, 0.20251172643431703, 0.20251237166911534, 0.20251292288892805, 0.2025126601684619, 0.20251223708382493, 0.20251241790399768, 0.20251283296047176, 0.20251289425910515, 0.20251271155867287, 0.20251263065114525, 0.20251267806228593, 0.2025127793381825, 0.202512893170301, 0.202512878701554, 0.2025127577093598, 0.2025127708632147, 0.20251294742529097, 0.20251301227799767, 0.20251290226496454, 0.2025128483446393]"
gpe,0,500,223.9417071745876,1.2327238918924148,0.021903765264852444,0.11687453320877517,0.0,0.3151940798066263,2.4033920764923096,"[0.31089703533594093, 0.3103963628651276, 0.31226467220241194, 0.31376871732845724, 0.3133175724302985, 0.31320581679024295, 0.3141323930792763, 0.3148186342505866, 0.3145789850850194, 0.3141334073640076, 0.3142984826586837, 0.31484409023429705, 0.3150990713927029, 0.3148791089854282, 0.3146210209275007, 0.3146872921987176, 0.3149326060878489, 0.3150299792173425, 0.31491202893613884, 0.31478569681239765, 0.3148045358515284, 0.31490271342528625, 0.3149574467156126, 0.3149582954819157, 0.3149677549820969, 0.31500549204883976, 0.3150410082893221, 0.31506726153360726, 0.31510508210247884, 0.3151436358415043, 0.3151480864468258, 0.3151224435312157, 0.31511579067887296, 0.3151470665760203, 0.3151714797397394, 0.3151521971074163, 0.31512006149692967, 0.31512511209519656, 0.3151585990655438, 0.31517077077794076, 0.3151508942115937, 0.31513848301292957, 0.31515553802682245, 0.31517628740078396, 0.31517485947786655, 0.31516429586032524, 0.31516780818640444, 0.3151812497606156, 0.3151869712923583, 0.3151837546782679, 0.3151827192032105, 0.31518611924114665, 0.31518813684996316, 0.31518756263389136, 0.3151868624189752, 0.3151859023325201, 0.315184668157304, 0.31518563680526834, 0.31518812762468673, 0.31518824911759313, 0.3151867448377031, 0.3151881674750048, 0.3151917226207857, 0.3151923328802766, 0.3151904407739009, 0.3151908268762528, 0.3151932494127578, 0.3151934819207038, 0.31519178577440277, 0.3151917504702748, 0.31519316859487223, 0.3151932660134723, 0.3151923150264301, 0.31519233454202994, 0.31519301691155305, 0.3151930834397067, 0.31519284821462557, 0.3151929962729063, 0.3151932712822093, 0.3151934638252872, 0.315193666271345, 0.31519372601352236, 0.31519367928734665, 0.31519384713673937, 0.31519401257065816, 0.3151938213486257, 0.3151936521093621, 0.3151938390267844, 0.3151939389387979, 0.31519375057788523, 0.31519373614362506, 0.3151939596488038, 0.3151939950711748, 0.3151938860538308, 0.3151939499265505, 0.31519406809325085, 0.3151940396742134, 0.315194003355453, 0.31519405270327217, 0.3151940798066263]"
white_noise,0,500,228.77730297591845,1.0712409336179824,0.01820520435667556,0.006575183496486022,0.0,0.31150987590883905,2.2829232215881348,"[0.31089703533594093, 0.3090958348889536, 0.3099859051411237, 0.3110508851617958, 0.31011488658943104, 0.310406155068848, 0.31122140850120533, 0.3111099924515465, 0.3106358294761671, 0.3107538436848577, 0.3112085428481122, 0.3114026594823234, 0.31119419135164, 0.31100282542637175, 0.31114973339242685, 0.3113933215636983, 0.31139517753165147, 0.31124299192859023, 0.3112144679479578, 0.3113332221226164, 0.31143178034630126, 0.3114293107688558, 0.31137739955499966, 0.31136092764700457, 0.3114015629520579, 0.3114407859281198, 0.31143510061306756, 0.31141774053212723, 0.31143091751345325, 0.3114619698436417, 0.31147911921618493, 0.3114689870151043, 0.31144565819121445, 0.31144642001054723, 0.31147889497504244, 0.3114982884649647, 0.31148283759341566, 0.3114688940413661, 0.31148146556896894, 0.31149829845972743, 0.31149447391225016, 0.31148140976581035, 0.31148631404999316, 0.31150351699754575, 0.31150411562141667, 0.31149194836649685, 0.31149308927489217, 0.31150396702961564, 0.31150500876092496, 0.3114983863514792, 0.3114983430928832, 0.31150554152988585, 0.31150806065642533, 0.31150356533197043, 0.311502143835794, 0.3115054106770227, 0.31150693825450326, 0.3115063053566275, 0.3115062129101124, 0.31150728475203476, 0.31150807786634105, 0.31150711534763237, 0.3115064831895688, 0.31150790235988457, 0.3115092688421628, 0.3115087591035036, 0.3115076247737815, 0.31150823689804114, 0.3115094218680169, 0.3115088722398572, 0.3115084092261015, 0.3115093032679568, 0.3115096135989582, 0.3115089428063663, 0.311508946317337, 0.31150968858564615, 0.3115096097487429, 0.31150913155729215, 0.3115094972716854, 0.31150984994082365, 0.31150959379286114, 0.31150944578932277, 0.3115096715680543, 0.31150980776409537, 0.31150970580307974, 0.31150972732839066, 0.31150981380463716, 0.3115097849700002, 0.31150974337390586, 0.3115098035934067, 0.3115099221218935, 0.3115098739368669, 0.31150978637096766, 0.3115098593723397, 0.31150992688713297, 0.3115098775005909, 0.31150987233211425, 0.3115099415583915, 0.31150990732922096, 0.31150987590883905]"
multi_sine,0,500,228.74542112423768,1.1858740309314877,0.008152315494857017,0.054016159805419274,0.0,0.3144171047556891,2.578327178955078,"[0.31089703533594093, 0.3069342526707311, 0.31246085353244574, 0.31271406484697184, 0.31113120266670063, 0.3121171129835026, 0.31389000924956845, 0.3142126915579866, 0.31311965234636213, 0.31238433193999154, 0.31282900994626356, 0.3136793518212601, 0.31396034571025727, 0.31358339553933545, 0.3132480008636086, 0.31344831394556183, 0.31396227752689304, 0.31428843642772736, 0.3142320285188371, 0.3140172428031888, 0.3139470889494226, 0.31407299068088085, 0.3142257235848112, 0.31425189657252833, 0.3141581031134573, 0.3140712693821868, 0.31409217650185783, 0.31420336428468143, 0.3143037796668003, 0.31431911765921755, 0.3142768346651852, 0.31426330111832834, 0.31431524041043274, 0.3143780487195421, 0.3143821984149802, 0.3143341140993708, 0.31430238313466885, 0.31432425943739695, 0.3143641548489831, 0.3143731528718432, 0.31435497431413467, 0.3143497934640255, 0.3143724016203747, 0.31439767664274565, 0.314402005608601, 0.31439207656178697, 0.31438718328563453, 0.31439217148460746, 0.3143980273917446, 0.3143981362797367, 0.31439473765287107, 0.3143936012264431, 0.31439779212753355, 0.31440486362969067, 0.31440906905699745, 0.3144082839329085, 0.3144069923192906, 0.31440931392336946, 0.31441238282501904, 0.3144115344683325, 0.314408507104666, 0.3144083994738132, 0.31441122957120854, 0.31441283335043485, 0.3144122596649114, 0.3144123725028739, 0.31441418252576436, 0.3144155720509794, 0.3144152730001056, 0.3144144650228487, 0.3144144496524935, 0.31441502671951177, 0.31441529683105535, 0.3144150214976885, 0.31441493875650794, 0.3144156472568078, 0.3144164877589179, 0.3144164924566131, 0.31441608000979254, 0.31441627672000244, 0.31441677254102934, 0.31441661092569695, 0.31441613477211106, 0.31441628775950137, 0.31441679070406203, 0.31441682641582513, 0.31441662051198294, 0.3144167972617308, 0.3144171166449977, 0.3144170697729946, 0.3144168551675475, 0.3144168857112592, 0.31441704556505196, 0.31441703550767597, 0.31441693459125325, 0.31441698991116634, 0.31441715419770716, 0.3144171897597248, 0.3144171014058378, 0.3144171047556891]"
gpe,1,500,238.76227720695564,1.0941331513876376,0.009041419056898462,0.06628966509927485,0.0,0.1526295664004724,2.287834882736206,"[0.15064811081259621, 0.14727208526549804, 0.15161071057453573, 0.1516407793535318, 0.1501911429768498, 0.1509869099714197, 0.15229979975530902, 0.15227732887137704, 0.15137554086548594, 0.15112340327392632, 0.15174754794363596, 0.15235703287380348, 0.15234892137087458, 0.15199316156416007, 0.15190020833516002, 0.15219040612397297, 0.1525017749473692, 0.15253209253380567, 0.1523473517709436, 0.15222082405430074, 0.1522826604737021, 0.15242860961151594, 0.15249901595547347, 0.15245749882476514, 0.15240025163004103, 0.15242192711485733, 0.1525100069839568, 0.15257480029579967, 0.15256459308645878, 0.15252106125272047, 0.15251277794078313, 0.15254707370200718, 0.15257440615629544, 0.15256664252617763, 0.15255040884747767, 0.15255823383677566, 0.15258261927659877, 0.15259619590647686, 0.1525949772432951, 0.15259521358333705, 0.15260119833888192, 0.15260331996743656, 0.15260054562207706, 0.1526017274430341, 0.15260708111997012, 0.1526087218239112, 0.15260706741286295, 0.1526100137461723, 0.1526176224748766, 0.1526214513141727, 0.15261885103899955, 0.1526165476007719, 0.15261914679643848, 0.15262272330424, 0.1526223104627242, 0.15261966032098764, 0.15262002934101432, 0.15262412904584963, 0.15262701875187556, 0.15262558867879344, 0.15262355602240688, 0.1526252745645824, 0.15262808888803991, 0.15262719674918382, 0.15262458815126287, 0.15262531465759238, 0.15262823578070486, 0.15262861866714236, 0.15262687403792852, 0.15262699290622414, 0.15262888642892147, 0.15262923019472063, 0.15262786744214338, 0.15262751251720785, 0.1526286371946789, 0.1526292169712369, 0.1526286085664838, 0.15262831388984677, 0.15262904127124344, 0.1526295563745619, 0.15262908628996422, 0.15262868164567805, 0.15262910397980523, 0.15262947173905878, 0.15262916652354028, 0.1526289770142431, 0.15262935466654268, 0.1526295865113575, 0.15262936269239205, 0.15262926300570687, 0.15262945932128816, 0.15262952528643817, 0.15262939520481048, 0.15262937926190748, 0.15262950834130307, 0.15262955983926713, 0.15262950405433537, 0.1526294974869117, 0.15262955877926843, 0.1526295664004724]"
white_noise,1,500,221.80569937110195,1.0890304502899701,0.021669943404856642,0.027785305228167464,0.0,0.15375847504337245,3.2121243476867676,"[0.15064811081259621, 0.15006934980057293, 0.15185438971956722, 0.15199686027961432, 0.15257113177099194, 0.1529973274278579, 0.15250893105432348, 0.15210470000655052, 0.15246184148149014, 0.15309823553332283, 0.15340799263020877, 0.15330982793651615, 0.1531446428246545, 0.15318799836193847, 0.15336584130178793, 0.15347203001462534, 0.15341801961071377, 0.1533122733360287, 0.15333787082355446, 0.15351239515428783, 0.1536474459763317, 0.15359966043883916, 0.15347846267835302, 0.15347869332744143, 0.15360752694989763, 0.15371177917078874, 0.15369673680749962, 0.15362460398017613, 0.1535993230571914, 0.15363257640104772, 0.1536745923459005, 0.15369653873648065, 0.15369650769858276, 0.1536869926421276, 0.15368896558238365, 0.1537051417715822, 0.15371835780916654, 0.1537212060938177, 0.15372097939074722, 0.15372339452039294, 0.15372614412114036, 0.1537275372793733, 0.15372919760563838, 0.15372877538171265, 0.15372912130479238, 0.153739952633092, 0.15375376545217678, 0.15375229536701876, 0.15373945775932135, 0.1537356172332086, 0.15374499503226285, 0.15375240109205168, 0.1537500375344538, 0.15374640596493824, 0.15374855780409802, 0.15375364621039256, 0.1537552267840499, 0.15375236638017928, 0.15375124020637326, 0.15375385778054948, 0.1537551431019483, 0.15375354638911748, 0.15375337032254485, 0.15375580942832726, 0.15375717717800097, 0.15375654516337842, 0.15375574215794674, 0.15375551235626841, 0.1537562121864766, 0.15375728653802137, 0.1537574531820718, 0.1537568265103857, 0.15375673975220855, 0.15375739150643802, 0.15375784223542976, 0.15375773458814532, 0.15375747568800718, 0.15375769938284828, 0.15375801541700665, 0.15375776316023723, 0.15375762365185597, 0.15375811976727619, 0.15375839813020933, 0.15375806591360883, 0.15375794680400923, 0.15375822629461644, 0.15375836604303936, 0.15375822339730916, 0.15375811942556458, 0.15375825450158642, 0.15375841021388084, 0.1537584007291606, 0.15375836345018867, 0.15375838635445055, 0.15375837207630097, 0.15375836966437298, 0.15375840069338226, 0.15375842907332155, 0.15375846986668953, 0.15375847504337245]"
multi_sine,1,500,242.37128748853934,1.0635366685007117,0.01379735822111217,0.07764559865248528,0.0,0.15433976486165193,3.3265254497528076,"[0.15064811081259621, 0.1502522572229927, 0.15235683048863444, 0.15264687062087584, 0.1523027757706457, 0.1532821929950499, 0.15403357536045706, 0.1536277716135139, 0.15300351069872983, 0.15321704972463232, 0.1538992759510324, 0.1541413923529043, 0.1537540109629687, 0.15339054675661717, 0.15355882950276403, 0.15401752642911043, 0.154245674205748, 0.15409853402202872, 0.15389828404819708, 0.1539445510155101, 0.15415897534275544, 0.1542796976442684, 0.15421854975357643, 0.15412077897311124, 0.15412185847646542, 0.15418893294295427, 0.15422340160696765, 0.15421079367499693, 0.15420808298396116, 0.15423365686753915, 0.15425183950782922, 0.1542484383860426, 0.15425436160655961, 0.15428566117611747, 0.1543097079371511, 0.1542981496145326, 0.15427584478035175, 0.15428256750759148, 0.1543109585904444, 0.15432080107912524, 0.15430331068855122, 0.1542910339745105, 0.15430398089301886, 0.15432289228744045, 0.15432491946230692, 0.15431645765826554, 0.1543159071548415, 0.1543245002776317, 0.15433043314737266, 0.15432956864182915, 0.15432745441778942, 0.15432761375860304, 0.15432901430731807, 0.15433090099131994, 0.15433251667571893, 0.15433218267771404, 0.15433104026211122, 0.1543324776669037, 0.15433571002212856, 0.15433648221876303, 0.15433483880935903, 0.15433496207419528, 0.15433722744895093, 0.15433787824902548, 0.15433644557131307, 0.1543362243631731, 0.15433763546840173, 0.1543380015076637, 0.15433725323354602, 0.15433755552978126, 0.15433859129274977, 0.15433864172469136, 0.15433828600082045, 0.15433875284104218, 0.15433922678855505, 0.15433888869206736, 0.154338698412677, 0.15433913814981617, 0.15433924796305715, 0.15433891822858364, 0.15433907123425314, 0.15433950956066342, 0.15433942965216854, 0.15433923961788126, 0.15433953135530165, 0.1543397438169232, 0.15433949362844013, 0.15433940163471832, 0.15433966472161023, 0.15433970132284505, 0.1543395001356089, 0.15433956066565843, 0.15433976380997555, 0.15433973463640352, 0.15433965017112353, 0.15433973339375476, 0.1543397973286669, 0.15433974542822085, 0.15433973077909946, 0.15433976486165193]"
gpe,2,500,247.23150259955335,1.0223959921877743,0.021873229427586315,0.026545876999315127,0.0,0.42944731374253203,2.3485615253448486,"[0.42376143801171234, 0.427690362321989, 0.4260165119879845, 0.42608176126607317, 0.42783873291987995, 0.42882910208703257, 0.42822726363222063, 0.4275799055658996, 0.42788661419787255, 0.4286525504710399, 0.42904384243302307, 0.4288599463844577, 0.42857949545546814, 0.42859291422455376, 0.42884035348507715, 0.4290733580463512, 0.42914246790647387, 0.4290798422688203, 0.4290138974964342, 0.4290325725114617, 0.42913483048853857, 0.42924247366642876, 0.429270173492171, 0.4292238781890156, 0.4291924688680936, 0.42923493865361334, 0.4293100407967534, 0.42933888419725447, 0.4293116307148874, 0.429293586374302, 0.42932482021178714, 0.429368508683221, 0.4293754074715618, 0.42935476193970057, 0.4293527978761115, 0.42938087025481275, 0.4294047506776902, 0.4294008832691907, 0.42938721421046283, 0.42939066092411543, 0.4294096952104139, 0.429422715076055, 0.42941974164444974, 0.4294113983720594, 0.42941184969736956, 0.4294228164374199, 0.4294334152653496, 0.42943318069940767, 0.42942518639799543, 0.4294230099143881, 0.4294321784407692, 0.4294413638088592, 0.4294390512841839, 0.42943129380050377, 0.4294317893421993, 0.42944035160430116, 0.42944467008138415, 0.4294405183763701, 0.4294366288758402, 0.4294393637003215, 0.4294442509942123, 0.42944499809761955, 0.42944240510803927, 0.4294412499192849, 0.4294432395143505, 0.429445732889898, 0.42944578930336685, 0.4294440163379891, 0.42944358043009173, 0.42944541683889365, 0.42944680871936813, 0.4294459527511926, 0.42944482344646057, 0.4294454936102987, 0.42944678261453734, 0.4294467976273271, 0.4294460365115958, 0.4294459719085557, 0.4294466337486762, 0.42944705427814445, 0.42944684577248116, 0.4294465144309964, 0.4294466588864856, 0.4294471260117777, 0.42944722992134443, 0.42944690423141296, 0.42944683047261567, 0.42944718187281045, 0.4294473524613529, 0.42944714224735747, 0.4294470376848463, 0.42944722786845313, 0.4294473670330499, 0.4294472869178268, 0.42944720147747767, 0.4294472685405644, 0.4294473781377956, 0.42944737202838346, 0.42944729646561625, 0.42944731374253203]"
white_noise,2,500,230.51860327482305,1.1951852056272594,0.013476017305709822,0.02408542103342744,0.0,0.42888167719737236,2.2604024410247803,"[0.42376143801171234, 0.42506889869831505, 0.42565709310257765, 0.4263418670091391, 0.42700601808741995, 0.4274104500532216, 0.4273935794185702, 0.4274299129974579, 0.42762111547390946, 0.4278185963004764, 0.4279094199203245, 0.4279346286510271, 0.4280527661228208, 0.4282422051163209, 0.42836037482612416, 0.42837850219720075, 0.42837229740051896, 0.42841455374265563, 0.4284979808130162, 0.4285509758934098, 0.4285477633655883, 0.42854563120245465, 0.4285959086870993, 0.4286713759524432, 0.42870534056481185, 0.42868206955680477, 0.428659884760542, 0.42869427362087603, 0.42876205125796757, 0.4287919173331309, 0.4287604298799368, 0.42872458919332906, 0.4287477470384228, 0.4288156662684138, 0.42885508022715607, 0.4288293577871087, 0.42878394618953924, 0.42878452645386783, 0.42883223841363854, 0.42886767300953876, 0.4288527287345531, 0.4288179356972856, 0.42881615479672563, 0.42885127876938145, 0.4288786934034591, 0.4288692120433646, 0.4288448872646679, 0.42884261388500616, 0.42886345536525655, 0.4288778318768001, 0.4288705782195045, 0.4288583210185086, 0.4288605033548989, 0.42887255566837323, 0.4288776847236278, 0.42887261011096744, 0.4288684407739595, 0.42887157056993, 0.4288764773768203, 0.4288771341443566, 0.42887541717574584, 0.4288755376024674, 0.4288771885437808, 0.428877859365529, 0.4288775475239649, 0.428877762618037, 0.4288784826969773, 0.4288788011661851, 0.42887891648699217, 0.42887945932963495, 0.42888005296918746, 0.4288800698890403, 0.42887985510134247, 0.4288800157451048, 0.4288803507761759, 0.42888043821392124, 0.4288804783922276, 0.42888073991570863, 0.42888094203119026, 0.4288808857545593, 0.42888092024464364, 0.4288811937028072, 0.42888127939434983, 0.42888106121653263, 0.4288810657162452, 0.4288814373641507, 0.42888158684263306, 0.42888131148621433, 0.4288812058710667, 0.42888152252005085, 0.4288817078593554, 0.42888149044209667, 0.4288813662602252, 0.42888160544964016, 0.4288817769508199, 0.4288816212792318, 0.42888149377902474, 0.42888162978400196, 0.428881754606472, 0.42888167719737236]"
multi_sine,2,500,244.02370320542033,1.0525491892010779,0.010970097412865067,0.06329415007855618,0.0,0.42689741819919497,3.0055747032165527,"[0.42376143801171234, 0.4233335708695029, 0.424263326004262, 0.42524902617607224, 0.42546357185891787, 0.42546334466339913, 0.42586638174019503, 0.42624665035302534, 0.42629136703579174, 0.4262632109849247, 0.4264445611326482, 0.426617689924238, 0.42653491288924245, 0.42638945884546375, 0.4264425722052388, 0.4266162737107196, 0.4266757643430145, 0.4265900136818427, 0.4265150150964076, 0.42654653854786495, 0.42662933430793426, 0.42668992641291364, 0.426717095130333, 0.42672959074909766, 0.4267475616268247, 0.4267684691996692, 0.4267791732963473, 0.42678804192332576, 0.42681947525860625, 0.4268620261331443, 0.42686799820359056, 0.4268313163859233, 0.42680825140025014, 0.42683094445104536, 0.42686213396976486, 0.4268630748519689, 0.42684741066585447, 0.42684298133842496, 0.426849864713923, 0.42685642305858607, 0.4268622161069069, 0.42687094510788465, 0.4268791586736406, 0.42688016946421187, 0.42687540407669095, 0.4268761580050807, 0.4268866450347531, 0.4268940799408661, 0.4268894253896448, 0.42688315862352666, 0.4268852380002869, 0.4268893333348701, 0.42688893434477615, 0.426887893936912, 0.4268890335637747, 0.42688985075189223, 0.42688970446151586, 0.42689054825986295, 0.42689274857145076, 0.4268943857351407, 0.4268940678019791, 0.42689361416397686, 0.42689500860281854, 0.42689624946687343, 0.42689550507240664, 0.4268948920518417, 0.42689563366278516, 0.426895998801683, 0.4268954916832915, 0.426895299297604, 0.4268957112702154, 0.4268961116143325, 0.4268961540242686, 0.4268962203067948, 0.4268965836197606, 0.4268967295706386, 0.42689667555565913, 0.42689701780424205, 0.4268972970249235, 0.42689699901679157, 0.4268968164160014, 0.4268970993774571, 0.42689726216722484, 0.42689708908272284, 0.4268969751747108, 0.4268971002931126, 0.42689719962182876, 0.4268971975545839, 0.426897290257929, 0.4268973415407229, 0.42689725529906186, 0.42689732125230145, 0.4268974768447116, 0.4268974281581091, 0.4268973297846338, 0.4268973777469864, 0.4268974349571777, 0.426897405567537, 0.4268973897880076, 0.42689741819919497]"
gpe,3,500,236.86770834139276,1.110882920686043,0.007667276027367964,0.04331226740417211,0.0,-0.03868836525251279,2.350425958633423,"[-0.03965457502639967, -0.04382614269559754, -0.03946690458998824, -0.039445834416943604, -0.041247201782944276, -0.04058718850356441, -0.039154072783254994, -0.0389367668030466, -0.039722777889723344, -0.04006062077332553, -0.039567878508150606, -0.03899227172790282, -0.03890927280037265, -0.039147615849965435, -0.03926473975178295, -0.03914419588335501, -0.03899131485095836, -0.038953987590087044, -0.03896669792435369, -0.038950476420564116, -0.03892618910187639, -0.03892785980859962, -0.03892141482477835, -0.03885919457825205, -0.03878207402500067, -0.0387711014448623, -0.03882308629860426, -0.038853983883414815, -0.03881649424975437, -0.03875879648888829, -0.03874599653808927, -0.03877020259738471, -0.03878064094647788, -0.03876094249021591, -0.03873686163476572, -0.038727585419851426, -0.03872633727572818, -0.038727748415734925, -0.0387338217697924, -0.0387357571366979, -0.03872211060572596, -0.038704076416455256, -0.038705190309003455, -0.03872137102066839, -0.03872293872861361, -0.03870291371980918, -0.03868945530564068, -0.038700228371304025, -0.038714373519135675, -0.038708574759997866, -0.03869355294080446, -0.03869172790486125, -0.03870081901820568, -0.038702780940689595, -0.038695257037589574, -0.038690654212586786, -0.038693230078465854, -0.03869599316106806, -0.03869500678510793, -0.03869300876092437, -0.03869189015587088, -0.03869143716036576, -0.03869180922214527, -0.03869228999325188, -0.03869124898021154, -0.038689675995959835, -0.03868999724387751, -0.038691287020244894, -0.03869090816015171, -0.03868947519444415, -0.03868930885488885, -0.038689961806411176, -0.038689796767416504, -0.03868919814091077, -0.038689126271581574, -0.03868918764784078, -0.03868909760952346, -0.03868919577122574, -0.03868917723201601, -0.038688712910938755, -0.03868853779167754, -0.03868893436806292, -0.03868897191426391, -0.03868847388599995, -0.038688412917662326, -0.038688816894841244, -0.03868878236158416, -0.03868838383488827, -0.03868836445461951, -0.03868859519385371, -0.03868855383604591, -0.03868837523718089, -0.038688375358229936, -0.038688454084805805, -0.03868845272318431, -0.03868839254388948, -0.03868833726446179, -0.03868834376574867, -0.038688389997860964, -0.03868836525251279]"
white_noise,3,500,239.11149521610605,1.0198461578789086,0.02511504652532324,0.03262340196469665,0.0,-0.037739285487732095,2.30143404006958,"[-0.03965457502639967, -0.04206474852443881, -0.039283858219773655, -0.038930022237615707, -0.03951845936642306, -0.03908453792620045, -0.03816319629904958, -0.038071229704576916, -0.03868249416287755, -0.03889697574140122, -0.03842236902340042, -0.03800788774941059, -0.03813913790525637, -0.03842821616593993, -0.03834165218545563, -0.03798255753346239, -0.037820560718172476, -0.03799398523229463, -0.03816291138322368, -0.03806027649553329, -0.03784230356155783, -0.0377956173668934, -0.03792985148466258, -0.03800944592297944, -0.03792134697373886, -0.037801924539092986, -0.03779979514017932, -0.037873728888531744, -0.037886725933667965, -0.03781564855313991, -0.03776272893957725, -0.03778881243627826, -0.037836051794081546, -0.037829305402491874, -0.03778333986513973, -0.03776449369737957, -0.03778543144472663, -0.03779669083331326, -0.03777269857586201, -0.037748628707942926, -0.03775779934832589, -0.03777800403818566, -0.03777273015021907, -0.037751785015381074, -0.037749079516896655, -0.037763742106050296, -0.03776640417669448, -0.03775249251834697, -0.0377453888311811, -0.03775166706314532, -0.037753764996743294, -0.03774573757053375, -0.037741733164359706, -0.037746983141046866, -0.037750155411861594, -0.03774631070043312, -0.03774343889435929, -0.03774530697657268, -0.037746166320411126, -0.0377434422790432, -0.03774143229856147, -0.037742310183073086, -0.03774308999921483, -0.03774190943272709, -0.03774078549724649, -0.037741304245751804, -0.03774206341961301, -0.037741582898710414, -0.037740810777877165, -0.03774084039839235, -0.03774089757163739, -0.03774031046199264, -0.03773997038379148, -0.037740293642221846, -0.037740407086944566, -0.03774004493492118, -0.03773987120426928, -0.03773997652336065, -0.037739939563622864, -0.03773976578222648, -0.037739676684741, -0.03773968436582483, -0.03773968766301401, -0.03773960461469929, -0.03773951531960316, -0.03773956294595258, -0.03773959923810611, -0.03773946796942927, -0.03773938466108376, -0.037739444389462834, -0.03773941598557082, -0.03773933158942637, -0.037739389826255285, -0.03773944152286881, -0.03773934945614782, -0.03773930514164279, -0.037739360680459084, -0.03773934145457529, -0.0377392726586638, -0.037739285487732095]"
multi_sine,3,500,238.59863346915301,1.0990179233860362,0.01765617723869563,0.1505702887486676,0.0,-0.03654478594119547,2.3268418312072754,"[-0.03965457502639967, -0.040751691431572215, -0.03900776987032796, -0.03861618836628957, -0.038519567220998176, -0.03783188157928263, -0.03765346196807218, -0.03778613118576231, -0.03766490563308475, -0.03727168793175033, -0.03697840677421907, -0.0369486616758921, -0.03708557055382189, -0.03716011291619567, -0.03699984954488374, -0.036713748275998805, -0.03661378974182965, -0.03678925637283327, -0.03695891063769904, -0.03687133820603637, -0.03665716635602006, -0.036594750943496825, -0.03671268541204514, -0.03680150538945717, -0.03675064291873649, -0.036660513179362864, -0.036641956575804845, -0.03667326921315907, -0.03668410554293954, -0.03666369734130081, -0.03664212813176616, -0.03663344151587091, -0.036629259712001316, -0.036619311486817914, -0.036604656433095455, -0.03659728675326026, -0.03660087345711654, -0.03659738795352837, -0.03657677750222308, -0.0365622050823573, -0.03657195531722879, -0.03658220233211935, -0.03656850066963263, -0.03655108466311653, -0.03655592925851789, -0.0365681153702713, -0.036564151985317254, -0.03655348007436369, -0.03655400863666568, -0.036560272000434546, -0.036559860370099964, -0.0365550317081598, -0.036553712638185104, -0.03655600543056958, -0.03655639255018414, -0.03655280405684655, -0.03655009603172985, -0.03655182805721151, -0.03655292311498975, -0.03654934386968192, -0.03654665478066722, -0.036548499842811215, -0.03654942786697511, -0.036546991997072904, -0.036545801623732964, -0.03654689723604774, -0.036547066900068564, -0.03654628354538432, -0.03654619365554558, -0.03654633603531222, -0.036546151979008554, -0.03654607553212911, -0.03654620101897776, -0.036546172085113154, -0.0365457827895784, -0.03654551956989642, -0.036545859889839216, -0.03654595971759559, -0.036545288743571026, -0.03654504528228329, -0.03654552170070086, -0.03654546663295392, -0.0365449463586985, -0.03654492927280224, -0.0365451489315837, -0.03654506601269215, -0.03654490318804024, -0.036544879452923264, -0.03654492403755807, -0.036544933774082626, -0.036544892672528854, -0.03654487450021493, -0.0365448637221256, -0.0365448547420109, -0.03654489626562275, -0.03654487185331013, -0.03654478545250781, -0.036544821294092866, -0.036544867429537414, -0.03654478594119547]"
gpe,4,500,228.00282842078272,1.1929552517529431,0.015457158471568542,0.12870147410739335,0.0,0.20987136241680526,2.3966171741485596,"[0.20545191074976885, 0.20490715033335496, 0.20645458992425636, 0.20777536640671512, 0.20781713724695397, 0.2079038763285312, 0.2083940870488303, 0.208868419832597, 0.20905298371120135, 0.20911992289477618, 0.2092011432317617, 0.20930117696790507, 0.20940319059693033, 0.20948357662000347, 0.20954208641144806, 0.20954067546248825, 0.2094883505378649, 0.20945791998154414, 0.2095047794763318, 0.2095992465105024, 0.20963667492733806, 0.20958350559961, 0.2095321653999194, 0.2095803464320944, 0.20969379068097377, 0.20974691864825654, 0.20969963123630295, 0.2096513088934266, 0.20969498990940624, 0.20978740285634176, 0.20982093127805224, 0.20977847786442436, 0.2097472478357573, 0.2097850358335206, 0.2098435619558567, 0.20985024288403734, 0.20981384777311635, 0.20980118056063474, 0.20983205494163454, 0.20985820452712853, 0.20984663116110827, 0.20982614543886313, 0.20983145956651922, 0.20984978654046724, 0.20985268663248735, 0.20984340643909202, 0.20984185586250328, 0.20984901310693724, 0.20985307702700315, 0.2098528460636749, 0.20985450344185116, 0.2098576207828129, 0.20985895105842275, 0.20986068669980978, 0.20986467140405018, 0.20986668127942285, 0.20986473851489293, 0.20986431616089152, 0.20986792729044357, 0.20986960159436918, 0.20986658912352602, 0.2098649843946746, 0.2098677291982714, 0.20986932062334593, 0.20986706342332082, 0.20986573556647364, 0.2098678484096698, 0.20986956148591282, 0.20986860134489746, 0.209867933483018, 0.2098694727034249, 0.20987079313000592, 0.2098702531972207, 0.20986977493567835, 0.20987057567571973, 0.20987113946615002, 0.20987069387082985, 0.20987039815531552, 0.20987070937212127, 0.2098708633154038, 0.2098706697851686, 0.2098706142365846, 0.20987074405291978, 0.2098708124920687, 0.20987087736453838, 0.20987097566856353, 0.20987098542080848, 0.20987104421924255, 0.20987123015862386, 0.20987125303689225, 0.20987113865893783, 0.2098712288144347, 0.20987137075707007, 0.2098712741575121, 0.20987119191814715, 0.20987131860181932, 0.20987136761947675, 0.2098712557493283, 0.20987125839659546, 0.20987136241680526]"
white_noise,4,500,234.22506961590736,1.1332796806026517,0.02859976280796457,0.013145278539055455,0.0,0.20803776682476768,2.3708927631378174,"[0.20545191074976885, 0.20353004205474087, 0.20637109937239864, 0.20751081719897974, 0.2066110401631795, 0.206639809948533, 0.20748096752965225, 0.20758052015930836, 0.20700864058967017, 0.20689385967190632, 0.20738852046367817, 0.20780746648370282, 0.20771559383633648, 0.2074590206007885, 0.20752418874479317, 0.20781714786718186, 0.20793852224940626, 0.20778714977508062, 0.20764399685644355, 0.2077249658612549, 0.20789699918832372, 0.2079253087912986, 0.20782654831729086, 0.20780724705995804, 0.20792254682094177, 0.20801736440841223, 0.2079789024786635, 0.20789091387839448, 0.2078907943275312, 0.20796298502485086, 0.20799116176074434, 0.20795454074243874, 0.2079397463020678, 0.20798520367359047, 0.20802870948441946, 0.20801644172217618, 0.2079850342778857, 0.2079891974935747, 0.20801231186452995, 0.20801188202515433, 0.20799514370507552, 0.20799791595015582, 0.20802041042128902, 0.20803032273049457, 0.20802104153956594, 0.2080166642405895, 0.20802538181611177, 0.20803088789784158, 0.20802504697116572, 0.2080205028712656, 0.2080252241584512, 0.20803020284576804, 0.20802957021277016, 0.208028944185899, 0.20803224870670856, 0.20803468569608757, 0.20803302154597242, 0.2080313538724631, 0.20803233826747036, 0.20803385207838263, 0.20803398137582843, 0.2080339734761415, 0.20803503331214787, 0.20803605342918965, 0.2080359535124875, 0.20803516445416545, 0.20803510816329981, 0.20803585487167275, 0.20803629487400874, 0.20803623898642404, 0.2080365414837733, 0.208037110817718, 0.20803695677800285, 0.20803651546260787, 0.2080367390138273, 0.20803715416775997, 0.20803695266826192, 0.2080368470370774, 0.20803735837697443, 0.2080376196252898, 0.20803731434053763, 0.20803728682872677, 0.20803757609627918, 0.20803746026803585, 0.20803724744368374, 0.2080374829226802, 0.20803769591392415, 0.20803755609296518, 0.20803757997690311, 0.20803776687503556, 0.2080376717809843, 0.20803752418747348, 0.20803766400346693, 0.2080377562134186, 0.20803766609820837, 0.20803769615899417, 0.20803779581579535, 0.2080377366018477, 0.20803769209521986, 0.20803776682476768]"
multi_sine,4,500,244.62582198616622,1.0439906756817952,0.015630829956473854,0.06730920035039878,0.0,0.20960544522177288,2.319471597671509,"[0.20545191074976885, 0.20646242568838488, 0.20669510239710223, 0.2077624644714806, 0.20836679235782368, 0.2084819161158624, 0.2084944647402992, 0.20860175322351684, 0.2087636469422774, 0.20892118485519526, 0.20904044119928025, 0.2090479212243307, 0.20895342874005632, 0.20889829464289264, 0.20902454320011557, 0.20926691734220276, 0.20938961139967663, 0.20929522026982994, 0.20916411731666995, 0.20921923928696975, 0.20942288078683904, 0.20954492623502946, 0.20947690813897568, 0.20935583284763346, 0.2093557307080465, 0.20946453474280308, 0.20954082797283682, 0.2095140001467822, 0.20945340675864296, 0.20945329911529917, 0.20951304992227637, 0.2095595411594176, 0.2095526045014891, 0.20952658136547736, 0.2095290158674213, 0.20955646097803715, 0.20957404901495266, 0.20957032696531852, 0.20956128250297185, 0.20955924233406753, 0.20956459926985269, 0.20957536662742146, 0.2095849111039634, 0.20958357261272248, 0.20957568644134772, 0.20957772762868979, 0.20959183812891344, 0.20960033420574248, 0.20959371312908961, 0.20958544955969077, 0.20958979504013509, 0.20959983140628352, 0.20960019967219823, 0.20959242966642969, 0.20959119448407276, 0.20959882054482348, 0.20960275809339057, 0.20959880012492507, 0.20959676296875515, 0.2096010352123572, 0.2096042932728224, 0.20960245682151, 0.20960041901705206, 0.20960170250735422, 0.20960356020853796, 0.209603282558943, 0.20960225269144364, 0.20960247743471894, 0.20960344134042314, 0.20960395267851153, 0.20960406090793943, 0.20960404828098575, 0.20960404318759404, 0.20960443740392676, 0.20960489411762764, 0.2096046411191126, 0.20960425240202604, 0.20960461140009495, 0.20960504363619684, 0.20960480844182677, 0.20960459885046212, 0.2096049804315218, 0.20960529384819435, 0.20960508132151975, 0.20960494372341212, 0.20960522805722356, 0.20960537386728628, 0.2096051741054967, 0.20960512188423766, 0.20960529570868913, 0.2096053519983328, 0.2096052966180931, 0.2096053040197231, 0.20960535771851213, 0.20960540036121503, 0.20960541094233068, 0.20960538799785353, 0.209605385024353, 0.20960542827649314, 0.20960544522177288]"
gpe,0,1000,456.4961284537465,1.1905990821589276,0.01870297752915666,0.0912041632816398,0.0,0.25632102000145096,2.868891477584839,"[0.2539025918181264, 0.2529594035209692, 0.25456070707927164, 0.25574392595517803, 0.2552832163654255, 0.25504774114475537, 0.25575265973390265, 0.25620949178325, 0.25589740731291577, 0.255556079494029, 0.25572779530232964, 0.25604313715184085, 0.2560689180004177, 0.2558852723975945, 0.2557986143335323, 0.25590770341135305, 0.25608272980927616, 0.25616483230762627, 0.2561254253362675, 0.256077963422097, 0.2561354406270308, 0.2562489528820492, 0.2562884248468861, 0.25623092503958983, 0.25617759375777616, 0.2561958772756593, 0.2562458568682252, 0.2562633605011874, 0.256236761729484, 0.2562089856239442, 0.256225708873141, 0.25627427206116127, 0.25629559292699133, 0.25627233900668556, 0.2562574810526255, 0.2562847689575064, 0.25631571112072593, 0.2563099863523271, 0.25628745632796746, 0.2562861867111293, 0.25630376319882514, 0.25631090866103995, 0.2562986433049733, 0.25628917692947123, 0.25629934168968055, 0.2563134777982631, 0.25631213166193645, 0.2563050512482267, 0.25630878798405493, 0.2563173475463446, 0.256318279827987, 0.25631363210362407, 0.2563119791097922, 0.2563151725152946, 0.25631784087961773, 0.2563158670897165, 0.25631327107099644, 0.256315230524799, 0.25631852654520876, 0.2563183260889652, 0.25631685411028393, 0.2563179055653972, 0.25632028347338615, 0.256320454920973, 0.2563186215885018, 0.2563185008746802, 0.25632014322784163, 0.2563200134423728, 0.2563186620676185, 0.25631911248059375, 0.25632042295226637, 0.25632038087867504, 0.25631979607459626, 0.25632015420297044, 0.25632087953575455, 0.256320751841896, 0.2563202738780857, 0.2563204991404026, 0.25632084719300646, 0.25632063341216177, 0.256320417502408, 0.2563206014612066, 0.25632085233390395, 0.25632082198169714, 0.2563207145195178, 0.25632089907740885, 0.2563210699227671, 0.2563209164263759, 0.256320831997307, 0.2563209729214102, 0.2563210022862535, 0.2563208839003602, 0.2563208995910426, 0.25632103298260844, 0.2563210170729511, 0.2563209521424275, 0.2563210318544779, 0.25632108332242665, 0.2563210294574626, 0.25632102000145096]"
white_noise,0,1000,467.29766533746624,1.096826334777657,0.025183339540443588,0.03310338483356896,0.0,0.25762498381191673,2.788736343383789,"[0.2539025918181264, 0.25390940463197287, 0.2563811466483636, 0.2569246040109207, 0.2563961645688424, 0.2561506455766799, 0.2565111792199697, 0.2568122737227975, 0.2565969579594513, 0.25643967305676674, 0.2568118935584915, 0.2573422281030602, 0.2575732834182524, 0.25742404371100897, 0.2571620484361744, 0.25706681384642976, 0.25718181303176374, 0.25734527121659145, 0.2573892682399782, 0.25732238397366225, 0.2572997525072436, 0.2574169771686801, 0.2575652296977639, 0.2575954958246888, 0.2575224098765675, 0.25744357673438983, 0.2574276150158535, 0.25747883633041047, 0.25753526883437394, 0.25754634284003325, 0.25753402431415046, 0.2575487007178867, 0.25758610893695805, 0.25760288124081215, 0.257582317265319, 0.25755678207072075, 0.25755551839763, 0.2575729171231735, 0.257592595070957, 0.25759737982934416, 0.25759458229798077, 0.2576025577981622, 0.2576139105345681, 0.2576110944635747, 0.2575990387710519, 0.2575943716229673, 0.2576026259746923, 0.25761355943632647, 0.25761670757673955, 0.25761339146734835, 0.25761296132107664, 0.2576188505205106, 0.25762058567944646, 0.2576152106746666, 0.2576117466019539, 0.2576150267674191, 0.2576211858468743, 0.2576234777172512, 0.2576209772746982, 0.2576195217188929, 0.25762141754582796, 0.2576226156852315, 0.25762093821291615, 0.25762003780620135, 0.2576216946599146, 0.25762401723419776, 0.2576244954145128, 0.25762314114904045, 0.2576227538749517, 0.2576234267410798, 0.2576235660502539, 0.257623234752535, 0.25762359110264255, 0.2576244053541146, 0.25762475739194607, 0.2576243594734055, 0.2576240227233161, 0.2576243012374225, 0.257624393432501, 0.25762428390621905, 0.25762445964674013, 0.25762486165643017, 0.25762497927736583, 0.2576247023628213, 0.25762453438453115, 0.25762472818315263, 0.2576248463847561, 0.2576247616447596, 0.25762481707188434, 0.2576250021716447, 0.2576250564197594, 0.25762488995960264, 0.2576248077221239, 0.25762492863693026, 0.2576250102976566, 0.25762497657046823, 0.25762498782943155, 0.25762504756761545, 0.25762505501543664, 0.25762498381191673]"
multi_sine,0,1000,480.0199716843032,1.0833122671872653,0.009536857101394736,0.04809463627753577,0.0,0.2559209141998876,2.7912919521331787,"[0.2539025918181264, 0.25126037757190756, 0.2547391134953536, 0.2548339138628265, 0.2536755825793126, 0.2541099300724129, 0.2551353669129039, 0.25540814047002797, 0.25491390450698853, 0.25464161955871706, 0.254994458238672, 0.2555178362779106, 0.25566702043661316, 0.25543463245605963, 0.25525078457930195, 0.25537974378989897, 0.2556547160179207, 0.25577031149711027, 0.2556589202461123, 0.25552214066192075, 0.25554727098238417, 0.2556953698818139, 0.2557973577985941, 0.2557815186160981, 0.25573140331509636, 0.25574443354424053, 0.25580699975542337, 0.2558372334703714, 0.25581116755093575, 0.2557861333311801, 0.2558078454071682, 0.2558504912514988, 0.255864112023776, 0.25584887779026405, 0.2558458941266808, 0.2558691173595122, 0.2558885144646792, 0.25588145826599856, 0.2558677362320818, 0.25587520488654963, 0.2558953463194885, 0.25589992518682614, 0.2558872000232955, 0.255883105828744, 0.2558983795058546, 0.2559127555210076, 0.2559088119315942, 0.25589813147222684, 0.25589996977215707, 0.2559108026364138, 0.2559135832277706, 0.25590682946361104, 0.2559048365376853, 0.25591245463264084, 0.2559183720289859, 0.2559152246903844, 0.25591061027993245, 0.25591283232025464, 0.25591789005977006, 0.2559180725900534, 0.25591477577216826, 0.25591456816388664, 0.2559178731784914, 0.2559195512681239, 0.2559180457099248, 0.25591699846711263, 0.2559184287775692, 0.25591990133493575, 0.2559192779965833, 0.2559181208799991, 0.2559186420979226, 0.255920093601281, 0.25592038061759553, 0.25591955512741144, 0.25591936866136006, 0.2559201631855825, 0.25592054739661174, 0.2559200427884286, 0.2559198027011077, 0.2559203607778503, 0.2559207565992823, 0.25592045662050156, 0.25592024186724227, 0.255920579518574, 0.2559208267399903, 0.25592061123367704, 0.255920469960483, 0.25592068567877074, 0.25592083789257014, 0.25592074871131243, 0.2559207265554304, 0.2559208356321672, 0.25592084976912294, 0.2559207916186989, 0.25592082382001274, 0.25592088032573174, 0.25592086895882077, 0.25592087457077284, 0.255920919487825, 0.2559209141998876]"
gpe,1,1000,485.8461592798976,1.058264701489162,0.011323242629619494,0.09287326779664881,0.0,0.14753401757407328,2.8503034114837646,"[0.14486184097473417, 0.1418000278708487, 0.1460309708832391, 0.1465075090450404, 0.1449507018957205, 0.14563737952409397, 0.1470820180469754, 0.14719492005203044, 0.14631437290822968, 0.14607142868243098, 0.14671519153504087, 0.1472936742073563, 0.1472235770379469, 0.14687347733185385, 0.1468271245637035, 0.14710209205184177, 0.14732103963097454, 0.1472966263628141, 0.14717736648763674, 0.1471447752482387, 0.14720762309772167, 0.14728192446391453, 0.14733099460814938, 0.14735813715455653, 0.14735899445684206, 0.14734899998459836, 0.14737148423114566, 0.14743348088142, 0.14747703631606052, 0.14745821173790058, 0.14741845680809648, 0.14742465347867872, 0.1474693154404677, 0.14749128498948727, 0.1474726091013178, 0.1474558123357473, 0.14746890441828134, 0.14749089579623886, 0.14749806061232804, 0.14749583839257968, 0.14749551518791346, 0.14749662469565455, 0.14750069545980204, 0.1475113994555151, 0.14751889131364954, 0.14751271413510522, 0.14750561209476337, 0.14751480899795857, 0.14752897368628506, 0.14752648646650332, 0.1475148463991631, 0.14751684673660007, 0.1475291828999006, 0.14753078745818976, 0.14752177959174442, 0.14752001962329048, 0.1475276035481187, 0.1475310397411112, 0.1475274325542748, 0.1475259045160615, 0.14752917253468692, 0.14753179096725344, 0.14753138691077375, 0.1475302406078647, 0.14753021489151125, 0.14753140544341928, 0.14753246152538244, 0.14753191397479978, 0.14753098210009616, 0.14753185255860193, 0.14753325723777394, 0.14753284354898205, 0.1475319215137237, 0.14753251329827655, 0.1475333305873432, 0.1475330017885976, 0.14753272180496074, 0.14753319656323882, 0.14753350870277793, 0.1475334838904466, 0.1475335698302294, 0.14753356210154966, 0.1475334828917709, 0.1475336710533006, 0.1475337532877119, 0.1475335192017965, 0.14753357385302354, 0.14753390972955777, 0.14753387602272025, 0.14753367165817705, 0.14753381527838016, 0.14753399045787768, 0.14753387844967672, 0.14753380670910987, 0.14753392941638463, 0.14753400274272366, 0.14753395944990091, 0.14753393182866664, 0.14753397264577525, 0.14753401757407328]"
white_noise,1,1000,505.39238924003837,1.0096802191056191,0.009953677172489692,0.015363595025349936,0.0,0.14583935228762773,2.8771235942840576,"[0.14486184097473417, 0.13848791088104556, 0.1447679107562438, 0.14452568711376468, 0.14226583359716863, 0.1432721720909235, 0.1452766996585417, 0.1456008581068677, 0.14443752905449567, 0.1438635610675141, 0.14456376445278546, 0.14549524831293345, 0.14563286130383657, 0.14508268771641322, 0.14472396688871358, 0.1450056455764764, 0.14555557258694302, 0.14578953025040553, 0.14558012334551057, 0.14530376229011313, 0.14531737214152843, 0.14556502471090882, 0.14574105198812945, 0.14569084871048918, 0.1455495724227302, 0.14552258407747817, 0.14563514119156795, 0.14574636896481463, 0.14575150719648566, 0.14569208307059364, 0.14567051832005254, 0.1457174792528325, 0.14577535417946377, 0.14578860748891537, 0.14576556477057598, 0.145748614331213, 0.1457577424130441, 0.14577898104691075, 0.14579309467440338, 0.14579524441786323, 0.145791886067424, 0.14579218609762312, 0.14580093186307785, 0.14581350499645024, 0.1458188873454631, 0.14581348480672582, 0.14580822277639496, 0.14581433641220443, 0.14582601708808793, 0.1458279352930811, 0.14581915975182944, 0.14581554239028305, 0.1458249375043396, 0.14583477641354076, 0.1458324578828783, 0.14582507695059208, 0.1458266260927492, 0.14583506845221728, 0.14583715748809226, 0.1458311726267434, 0.14582872175644118, 0.14583426101122993, 0.14583849742478167, 0.14583543564888551, 0.14583196794305547, 0.14583471105407653, 0.14583898376786833, 0.14583820551948873, 0.14583513266573223, 0.14583570958975567, 0.1458385516412905, 0.1458386619289844, 0.14583666166917103, 0.14583668961147364, 0.1458386095988375, 0.14583906054524304, 0.14583786727672907, 0.14583767785965598, 0.14583880584705852, 0.145839206396596, 0.14583853094940225, 0.14583830821755883, 0.1458388619742108, 0.14583911536735875, 0.14583883371292938, 0.14583876649307537, 0.14583906858363965, 0.14583921850156156, 0.14583910085576457, 0.14583905012502718, 0.1458391585977551, 0.14583924545314766, 0.14583923187425754, 0.14583919027737785, 0.14583920658746527, 0.14583928568705584, 0.1458393329554281, 0.14583929878291804, 0.14583928477728694, 0.14583935228762773]"
multi_sine,1,1000,494.65082595483995,1.022165383395711,0.010383735273699247,0.061533148434807235,0.0,0.14704892020493654,2.83506441116333,"[0.14486184097473417, 0.14206290961584128, 0.1455946852189652, 0.14597471914427687, 0.14493343724690122, 0.14552402754284477, 0.1466472533437199, 0.14679687292576574, 0.14618487896170643, 0.14587363618925664, 0.1461762562579719, 0.1465743827299058, 0.14664050966644696, 0.14648480180797213, 0.14642364067031582, 0.14656304807622073, 0.14675011832055598, 0.14683596930358286, 0.14683669693054838, 0.1468265707124761, 0.14683451524156269, 0.14684343042375736, 0.1468506700711373, 0.1468774910765446, 0.1469097397496269, 0.14690926968950718, 0.1468818201391227, 0.14688494129639804, 0.14694529687185526, 0.14700525808012416, 0.1469996714819266, 0.14695375855353202, 0.14694794987208068, 0.1469973347290111, 0.14703265598778564, 0.14700898639640547, 0.14697047523722082, 0.14697708591772354, 0.14701695490246994, 0.14703603676903718, 0.1470213358985974, 0.14700809361685366, 0.14701846088472753, 0.14703557879490856, 0.14703848066962166, 0.1470307235417296, 0.14702649558721195, 0.14702911015762532, 0.1470331788568147, 0.14703612798836826, 0.14703833812899508, 0.14703882291022577, 0.1470381209122846, 0.14704006912535242, 0.1470447903049946, 0.14704610150420158, 0.14704200555122993, 0.14703970916375256, 0.14704335145864464, 0.14704647614192506, 0.14704424362903848, 0.14704218272990885, 0.14704506990953667, 0.14704828882985255, 0.1470473510279856, 0.1470455617833106, 0.14704650772505615, 0.1470479863759133, 0.14704748299464385, 0.14704647820017452, 0.14704675711449264, 0.14704758932871437, 0.1470479148426968, 0.14704793930223142, 0.147048020432994, 0.14704811468868073, 0.1470483135657302, 0.14704855916567244, 0.14704841152609865, 0.14704803576919984, 0.1470481980743096, 0.14704870757486907, 0.14704866970908373, 0.14704833983521962, 0.1470485580003743, 0.1470489529625309, 0.14704881941260026, 0.14704857224160825, 0.14704871433440644, 0.14704887694890653, 0.14704878577118832, 0.14704873478106775, 0.14704884026353435, 0.1470489042796947, 0.14704888779521416, 0.14704888537631458, 0.1470488964529005, 0.14704890316101685, 0.14704892089824972, 0.14704892020493654]"
gpe,2,1000,489.3619533394652,1.0434772118587783,0.007425584726816497,0.08780972218161803,0.0,0.4274877155909705,3.4554882049560547,"[0.42584736484452235, 0.4220870114539969, 0.42570244805441143, 0.4255135060191559, 0.4248958047896493, 0.4257712810622638, 0.4266406802941461, 0.42667101405427155, 0.42635899808019895, 0.42637918569393346, 0.4267331678949899, 0.4270560897384647, 0.42711037359984644, 0.4269942414568702, 0.42695791480170103, 0.42709486067423486, 0.4272708494908827, 0.4273003235639058, 0.4271965080898679, 0.4271350058119184, 0.42720923885123585, 0.42731747507322193, 0.42733005708259125, 0.42727707216351574, 0.42727154898854697, 0.42732779963215245, 0.42736129870503237, 0.4273414147591657, 0.4273321634348488, 0.42736841048250823, 0.4274016012804733, 0.4273951531852731, 0.42738790260219467, 0.427416708842495, 0.4274478788135701, 0.4274408950363833, 0.42742091694835704, 0.4274321289503264, 0.4274619605801588, 0.42746877358703284, 0.4274530313912962, 0.4274487749343493, 0.4274642399627235, 0.4274754069220966, 0.4274693082588763, 0.4274597025882952, 0.42746195637591033, 0.42747294783796225, 0.427478524287737, 0.4274731840256171, 0.4274677274605301, 0.4274730855484825, 0.4274819615590583, 0.4274806468086575, 0.4274737403737907, 0.4274759796533495, 0.4274847389163585, 0.4274856361889741, 0.4274797885391313, 0.4274798490487088, 0.42748542734220746, 0.42748633441815637, 0.42748285925544627, 0.4274827641494862, 0.42748584495406244, 0.42748658372343196, 0.42748492545122274, 0.427484481049815, 0.4274857242453852, 0.42748652850122143, 0.42748607853179565, 0.42748565582573045, 0.42748630996231846, 0.4274870469441788, 0.4274867242915434, 0.42748632796012537, 0.427486860283975, 0.42748730664400125, 0.4274870385229572, 0.42748699591382683, 0.427487332676549, 0.42748732892530494, 0.42748721272004553, 0.4274873742654222, 0.4274874356375801, 0.4274873716329861, 0.42748750018795356, 0.42748757923837394, 0.42748746734651394, 0.42748750163471927, 0.42748764920454063, 0.4274876310108923, 0.4274875774965303, 0.42748765320095555, 0.4274877168358092, 0.4274876787795513, 0.4274876459771506, 0.42748769978999585, 0.42748775553497, 0.4274877155909705]"
white_noise,2,1000,507.812188339048,1.0443204466629068,0.03272468900001247,0.013144128961424124,0.0,0.4272350102070401,2.8485543727874756,"[0.42584736484452235, 0.4238088137042059, 0.4262137340117696, 0.4268457107944007, 0.4258543799547695, 0.42587300561213076, 0.42659214624320674, 0.426910200280418, 0.4265740351576026, 0.42630405724944404, 0.42656154820403197, 0.4270275771197899, 0.4272171232383973, 0.42703508288724157, 0.42679992022928437, 0.4267962395948094, 0.4269744261742122, 0.42709702571554775, 0.4270598775650266, 0.4269894549371351, 0.42702095062118084, 0.4271274848639396, 0.4271919648022765, 0.427157749493769, 0.4270924201468724, 0.42708921545032796, 0.427142817972935, 0.42718062531615925, 0.4271704332904245, 0.42714735233670187, 0.42715719220278814, 0.42719486752543695, 0.42721613627693084, 0.427204400425768, 0.4271851848150302, 0.4271835135631229, 0.42719784566623575, 0.42720930071064345, 0.4272104258577673, 0.4272107179146266, 0.42721483932620663, 0.42721864484632005, 0.4272192215547087, 0.42721832989558134, 0.427219330185565, 0.42722099735868335, 0.4272216435380893, 0.4272232800014779, 0.4272260648061923, 0.42722795020517873, 0.42722789886904333, 0.42722768604962935, 0.42722894217975976, 0.42722951792401986, 0.42722857242955237, 0.4272285711061877, 0.4272308282173723, 0.42723291197965235, 0.42723221204658, 0.4272309177498646, 0.42723176938588425, 0.42723334944478103, 0.42723304760812775, 0.42723176903906757, 0.42723235394980275, 0.42723409325365813, 0.427234394421255, 0.4272333804108877, 0.4272332789695942, 0.427234216533167, 0.4272343234319152, 0.4272336572157171, 0.4272337669257904, 0.42723466389258913, 0.427234854379627, 0.42723430633788156, 0.4272342473216408, 0.42723470716694534, 0.4272347442697007, 0.42723440648292366, 0.4272345339908204, 0.42723496136044237, 0.4272349819735146, 0.4272347003274914, 0.4272347133216046, 0.4272349108147438, 0.4272348985128443, 0.42723480701061883, 0.4272349087467689, 0.4272350338666735, 0.42723498141929667, 0.4272349115649671, 0.42723495415632573, 0.4272349949483476, 0.4272349734359541, 0.4272349912748567, 0.42723504504226784, 0.42723504887577785, 0.4272350126743088, 0.4272350102070401]"
multi_sine,2,1000,492.74196808067063,1.0299014411891616,0.01190853968368047,0.08953994943833594,0.0,0.42914794156681324,2.947374105453491,"[0.42584736484452235, 0.42558492068704096, 0.42664896996048396, 0.4274793004807043, 0.42792196511435177, 0.42802473564768506, 0.42802907762107784, 0.42835914684059473, 0.4286696691143205, 0.4286980477080903, 0.428641300897532, 0.4286628783325735, 0.4286630762437831, 0.42863444336357764, 0.42872291130738666, 0.4289095434096685, 0.42898011731300584, 0.4288567101118507, 0.4287415238346947, 0.42882234905478084, 0.4290039938327501, 0.42907815848217684, 0.42900558208854117, 0.4289346357092031, 0.4289619215480015, 0.4290249337468986, 0.42904498383799516, 0.4290390595095316, 0.4290483145036439, 0.4290590937360953, 0.429056148389055, 0.4290650689921979, 0.42909521743586254, 0.4291134561543381, 0.4291059147477116, 0.429100720410875, 0.42911350662047243, 0.42912710496381856, 0.4291267944533785, 0.4291182517637187, 0.429113092025036, 0.4291168078941554, 0.4291257105612435, 0.4291297723586169, 0.4291247757516952, 0.4291197152666944, 0.4291252612462591, 0.4291370165675881, 0.4291412477827225, 0.4291369966194557, 0.42913575844667295, 0.42913982378297205, 0.42914230846921336, 0.42914298954449065, 0.429143886788958, 0.42914215922332266, 0.4291397251430229, 0.4291419439080784, 0.4291454338857463, 0.4291444569777768, 0.4291422578054018, 0.42914357936226105, 0.42914590542954917, 0.429145767391767, 0.4291449238890723, 0.4291454962540935, 0.4291462150769066, 0.4291462258415935, 0.4291462681808257, 0.4291463141442508, 0.42914643583390355, 0.42914700302393877, 0.4291473068011228, 0.42914708149973657, 0.42914703545753435, 0.4291472792964305, 0.42914755373607416, 0.4291476071697532, 0.4291472674565737, 0.4291470976421943, 0.42914748529399277, 0.42914773605426026, 0.42914748155905047, 0.4291473981539503, 0.42914771067291596, 0.4291478443124423, 0.42914777962288464, 0.42914783127884765, 0.4291478452759052, 0.4291478309540709, 0.4291479084101914, 0.4291478831047971, 0.429147810124086, 0.429147871290023, 0.4291479206143923, 0.4291478794242908, 0.42914788270731585, 0.42914794382063615, 0.4291479628790145, 0.42914794156681324]"
gpe,3,1000,479.4289479845816,1.0858148098976521,0.016821898172074058,0.053931409499772015,0.0,-0.04071612265347417,2.841252088546753,"[-0.041874816296473924, -0.04469044353230042, -0.04200586463683631, -0.04167265223909621, -0.042384317512159944, -0.04240391222309714, -0.041633168261509375, -0.04102865263994363, -0.04116779583954755, -0.0416671130766947, -0.04171935203560088, -0.04124342500902794, -0.04082350425852717, -0.040883188506382576, -0.04121653601519712, -0.041331793972374145, -0.04111099930485359, -0.0408502142421304, -0.04080388195503525, -0.04092401125606153, -0.04101204595242968, -0.04097468785998217, -0.04087732333149464, -0.040814451295694394, -0.040812232298916354, -0.04083795820752673, -0.04084912434955206, -0.04083314138863784, -0.040806785192151925, -0.040785702329468466, -0.04077302634910236, -0.04077183429792304, -0.04078392835660327, -0.04079248742589256, -0.040775120969212555, -0.04074255738600713, -0.04073286863103481, -0.04075519452283544, -0.04077329392841104, -0.040758901767040626, -0.04073082996550265, -0.040723191449917956, -0.04073858314569363, -0.04075079601487943, -0.04074226618300479, -0.04072436838256081, -0.040719779678145926, -0.04073121907356985, -0.04073847506973048, -0.040729779826724266, -0.04071889616751825, -0.04072035461341735, -0.040727174666016, -0.040727144759682095, -0.040722471897147415, -0.04072040560714771, -0.04072075589195328, -0.04072108336997346, -0.040721380381317084, -0.04072090890184035, -0.04071922068066412, -0.04071829141517379, -0.040718995684342806, -0.04071964658951524, -0.040719072444361154, -0.04071770548178912, -0.04071691744507565, -0.04071780748228095, -0.04071886609503982, -0.04071780822177463, -0.04071619452836317, -0.040716766399096264, -0.04071801666413563, -0.040717429642000945, -0.0407162723971996, -0.04071644515039891, -0.040717111076532024, -0.040717006301129, -0.040716444898096484, -0.04071624855624236, -0.04071652640203776, -0.04071667930157705, -0.040716416185003455, -0.040716212944580894, -0.04071629906246292, -0.04071634795205108, -0.04071629960250844, -0.04071626548042887, -0.040716178563306456, -0.04071614280479458, -0.04071624116071616, -0.04071623326330988, -0.040716085623170556, -0.04071607016515226, -0.040716181419773644, -0.040716175439969006, -0.04071605526186582, -0.04071603298643683, -0.04071612003630027, -0.04071612265347417]"
white_noise,3,1000,475.5580657290325,1.0638072184320688,0.027993661545992896,0.04046338099476741,0.0,-0.039301457314985286,2.8087222576141357,"[-0.041874816296473924, -0.04283503104354662, -0.04031553746652874, -0.040141316091439, -0.04096476604804607, -0.04039829423549121, -0.039701723407187625, -0.03971676235327914, -0.039964665963372774, -0.040006742704588275, -0.039883576928816, -0.0397195077985568, -0.03963002104034805, -0.03971628049897603, -0.03980583784972451, -0.039666682564357014, -0.039421228621782, -0.03938482520649546, -0.03954459088389918, -0.03959363093059583, -0.03945598913807272, -0.03935061511292992, -0.03939182264715374, -0.03946366431227337, -0.039465539738810014, -0.039422946683196645, -0.0393784168279323, -0.039357059917158994, -0.03938099998928449, -0.0394139435701288, -0.03938913534600542, -0.03933067443566284, -0.039321258054840026, -0.03935413006847104, -0.03935632775611546, -0.03932684601582205, -0.03931869009539667, -0.03933476993826311, -0.03934304881864096, -0.039336476922688976, -0.03932323463449667, -0.03931291224646183, -0.03931832582652409, -0.03932974802046053, -0.0393226495007904, -0.03930640827050039, -0.03930727737397057, -0.03931655271820004, -0.039314013247902596, -0.03930719550700625, -0.03930749101353253, -0.03931036410331678, -0.03931140537827433, -0.03930961943432096, -0.03930548273155094, -0.03930515425404173, -0.03930835012923649, -0.039306511884966644, -0.03930225716746594, -0.0393035749397963, -0.03930615841954148, -0.03930474112793826, -0.03930290657759623, -0.03930298128831706, -0.03930385602865849, -0.039304404656113644, -0.03930329829539206, -0.03930216870859284, -0.03930296153150785, -0.039303111446553594, -0.03930185713000573, -0.03930188188450612, -0.039302650140118814, -0.0393024459528909, -0.039301962959401825, -0.039301844253663544, -0.03930211690584401, -0.0393022978883478, -0.03930179190489855, -0.03930155522612759, -0.03930194894320401, -0.039301842370154494, -0.03930148550947402, -0.03930158095820444, -0.039301706182306356, -0.03930166645210207, -0.039301570576361695, -0.039301542385358226, -0.039301650362101495, -0.03930155615623374, -0.039301398574560234, -0.03930151729410325, -0.0393015556074864, -0.03930142921128683, -0.03930141503963443, -0.03930146029523765, -0.039301478070074794, -0.039301439248878474, -0.03930141192346088, -0.039301457314985286]"
multi_sine,3,1000,492.99767087660547,1.0299462529109886,0.01575803034873709,0.0992008479402351,0.0,-0.03833686965348151,2.863560914993286,"[-0.041874816296473924, -0.04129455973892243, -0.04078474080256514, -0.03951306274784447, -0.03964883689109641, -0.04004570456315082, -0.03966283227088821, -0.03904775227038011, -0.03895144676694523, -0.039180291337158925, -0.03914704421870669, -0.03880242314392088, -0.0385933277817005, -0.03869311391278765, -0.03882551773056556, -0.038760501212053, -0.03858252137026842, -0.0384802674392518, -0.03849991200896751, -0.03855231263347353, -0.03854814010920098, -0.03848472337676711, -0.03843327451590108, -0.03844108306576322, -0.03847678864153639, -0.038483214597960155, -0.03844949689179134, -0.03840801282850311, -0.03839521769991349, -0.03842105340768703, -0.03844984967931736, -0.03843503211090627, -0.03839009238114834, -0.03837557034197473, -0.03840235892383287, -0.03841512843320932, -0.03838627326350095, -0.03835623785206184, -0.038363092199179896, -0.0383858216460474, -0.03838219655659047, -0.038354451213278254, -0.03834227116212959, -0.03835659232155447, -0.038365040263011914, -0.038351858627122974, -0.03834069454750253, -0.0383464667902015, -0.03835349583934719, -0.03834899792696365, -0.03834134255594225, -0.038341196626792244, -0.03834575711818937, -0.03834646170805098, -0.03834312538827243, -0.038341611139125285, -0.03834263370061353, -0.038343070682844614, -0.038342198690243745, -0.03834084315150769, -0.03834038895061179, -0.03834132971409828, -0.038341303987719906, -0.038339500406384175, -0.03833862046211965, -0.03833931014729526, -0.03833934641835016, -0.03833828446598089, -0.03833787685131243, -0.03833842640914903, -0.03833823173941188, -0.038337345139483954, -0.03833743952425818, -0.038337922819447576, -0.038337565429740574, -0.038337263469562226, -0.038337546799202205, -0.03833754807421776, -0.03833718756356046, -0.038337197443291886, -0.03833746084227886, -0.038337322947187856, -0.038337078746200265, -0.038337198737084986, -0.038337237525028246, -0.03833703359588673, -0.038336991016748666, -0.03833707827874187, -0.03833704394926194, -0.03833692276787077, -0.03833688496232683, -0.03833692216861213, -0.03833690488177476, -0.03833685014592112, -0.03833683698467736, -0.03833687153222918, -0.03833686540299804, -0.03833679779985852, -0.038336811414828115, -0.03833686965348151]"
gpe,4,1000,467.9063346495053,1.1371798711572403,0.014075611153507474,0.11130381680976574,0.0,0.21772775396863397,2.9553842544555664,"[0.2150049685106745, 0.2140567215159617, 0.2156000869747917, 0.21684626753101316, 0.21629210884354436, 0.21637065499721686, 0.2170028273883164, 0.21732186495222655, 0.2171447379659949, 0.21693712217318606, 0.21709534206014713, 0.21736836226912978, 0.21737829920354332, 0.21725648473258471, 0.21725443195118532, 0.21736511719514676, 0.21747094629966662, 0.2174943079679341, 0.21747026969032748, 0.2174861808333229, 0.217545630473871, 0.21757507129202772, 0.21757111035486218, 0.21758164908024002, 0.21759798244500142, 0.21760189380844058, 0.2176064688450019, 0.21762060701346453, 0.2176404944852727, 0.21765215359625223, 0.21764729094398785, 0.2176503905923661, 0.21767746597965928, 0.2176962892719251, 0.2176875359685215, 0.21767779544561774, 0.21768785990118256, 0.21770555172834016, 0.21770594971179616, 0.21768981490725217, 0.21768742000130176, 0.21770432340794443, 0.21771208768692044, 0.21770296488160693, 0.21769798660395173, 0.21770893641207828, 0.2177214188357494, 0.2177182752445897, 0.2177106185302871, 0.21771615423593782, 0.2177255373774603, 0.21772378672419115, 0.21771652921203224, 0.21771748022585163, 0.2177245751685185, 0.21772430105772883, 0.21771863030589556, 0.21771962003199452, 0.21772507666038327, 0.21772558674373566, 0.21772218600053234, 0.21772292555227185, 0.2177268812819653, 0.21772673127796305, 0.21772427974698821, 0.21772500397632716, 0.21772714384625722, 0.2177267048332771, 0.21772517690653811, 0.21772597609805033, 0.21772726206969573, 0.21772674444733975, 0.21772617229994756, 0.21772685466878453, 0.21772747164488454, 0.21772702033562155, 0.21772680690758586, 0.21772728911706954, 0.2177274266441184, 0.21772717448238774, 0.21772719038388824, 0.2177274870535863, 0.21772750254535764, 0.2177274256503832, 0.21772754140248973, 0.21772763707402948, 0.2177276248478758, 0.21772760964113697, 0.21772764631756097, 0.21772763981794413, 0.2177276569374607, 0.21772766529542892, 0.21772765232231941, 0.21772769223180427, 0.21772774073799905, 0.21772772895017933, 0.21772772926642342, 0.21772779598494577, 0.21772779172925402, 0.21772775396863397]"
white_noise,4,1000,474.76122766516806,1.0921970941360246,0.020591814307224635,0.017441809606962653,0.0,0.2171824676968912,2.9506685733795166,"[0.2150049685106745, 0.21105172173845718, 0.2153406051604189, 0.2162655161134379, 0.21458957112683222, 0.21472160537687682, 0.21628056371411067, 0.21694608568199777, 0.2162395068587125, 0.21565781991505611, 0.21608769530720986, 0.21684866765161526, 0.21701374014825534, 0.21654660932885733, 0.21618732860211315, 0.21637893796035274, 0.21683145811770033, 0.2170511297359738, 0.21692594937865342, 0.2167486500983454, 0.21677833370019595, 0.21695629334393557, 0.21706789318614164, 0.2170344729624729, 0.21695997454477503, 0.21695866987084408, 0.21702714375157578, 0.21708478788199978, 0.217086699710857, 0.2170559201726748, 0.21703617207682285, 0.21705006194935794, 0.2170893174810303, 0.21712642318164127, 0.2171357784053798, 0.21711966083010095, 0.21710896968513463, 0.2171251579235771, 0.21715162439829028, 0.2171569296527988, 0.21714053546905585, 0.21713264334034885, 0.2171481138459186, 0.21716578841181572, 0.21716260410797905, 0.21714808639300728, 0.21714754162645528, 0.21716381304467183, 0.21717595095341433, 0.21717178601644455, 0.2171631712310837, 0.2171651718275742, 0.21717455815760664, 0.2171778836671871, 0.2171726218319978, 0.21716913454732506, 0.21717346189638218, 0.21717877569049723, 0.21717746063954357, 0.21717328209764655, 0.21717433563838062, 0.21717954409580953, 0.21718125872435703, 0.2171783523321902, 0.21717708017600115, 0.21717967577023162, 0.21718147155033618, 0.2171800706708816, 0.2171788839110142, 0.21718009677744832, 0.2171813248014266, 0.21718081823037372, 0.21718020753575926, 0.21718081724992, 0.21718164578167876, 0.21718173526782664, 0.2171814708402051, 0.21718140324370566, 0.21718161894619495, 0.2171819247004203, 0.2171819482551611, 0.2171816877929727, 0.21718171192127428, 0.21718209765945096, 0.21718217289336061, 0.2171819001782199, 0.2171819938802482, 0.21718238766934847, 0.21718235885362205, 0.21718205787671255, 0.21718214857799892, 0.21718242670522173, 0.21718235573565797, 0.21718217901499093, 0.217182287687101, 0.21718243138971177, 0.21718235871104805, 0.21718230302181804, 0.21718240621739793, 0.2171824676968912]"
multi_sine,4,1000,494.4316694769198,1.0225567876264654,0.011954501583567395,0.022962034577233663,0.0,0.21603255790655715,2.9061312675476074,"[0.2150049685106745, 0.21265058571373888, 0.21480257230636512, 0.21534421595255915, 0.2146185774197146, 0.21460682303983866, 0.2153075037563116, 0.21578772407859723, 0.21559112058996532, 0.21520118666202234, 0.2152224653615644, 0.21563797062345805, 0.21592876758423155, 0.2158159407188071, 0.2155731753894122, 0.21556155392692242, 0.2157668212666449, 0.21592899864549595, 0.21591465110110541, 0.21581879656755362, 0.21577766522853922, 0.21583240415542232, 0.21592650848770148, 0.21596882459439418, 0.21593305571218366, 0.21588871435050652, 0.21590815812629538, 0.21596489456602178, 0.21598484268612925, 0.21596222661004766, 0.21595022889594306, 0.2159702126188879, 0.21599253867771065, 0.21599523683686805, 0.21598746272001465, 0.21598513582996764, 0.21599545471704068, 0.21600976518158727, 0.21601243907758075, 0.2160029596738779, 0.21599957859880609, 0.21601088196821522, 0.21602183098859964, 0.21602026202310007, 0.21601352561976062, 0.21601328213344972, 0.21601927242474658, 0.21602473077942175, 0.2160252004289002, 0.2160220951191546, 0.21602096184687491, 0.2160244568538714, 0.2160280936807261, 0.21602759094449217, 0.21602572628940306, 0.21602634648867336, 0.21602831887501703, 0.2160291786913737, 0.2160289619703747, 0.21602872827139555, 0.2160293601162432, 0.2160303425050868, 0.21603021119815993, 0.21602967149583482, 0.21603052444290174, 0.21603153913719814, 0.216031058561395, 0.2160304503568091, 0.21603104145414906, 0.21603190536932754, 0.21603191119269605, 0.21603126509060466, 0.21603122293383667, 0.21603209774120272, 0.21603239674077107, 0.21603177067524537, 0.2160316554812645, 0.21603223229684343, 0.21603241565647588, 0.21603213223610035, 0.21603205995442343, 0.21603234464481327, 0.2160324793921742, 0.2160322732768092, 0.21603225947268645, 0.2160325227733392, 0.2160325232641104, 0.21603233549797923, 0.21603241979701696, 0.21603260982380354, 0.2160325569376076, 0.2160324245121591, 0.21603249729184268, 0.2160326404264629, 0.2160325920061454, 0.21603249257562984, 0.216032565670205, 0.2160326487599101, 0.21603259163891858, 0.21603255790655715]"
